domain,phone_numbers,social_links,status
bostonzen.org,,,ok
mazautoglass.com,4156264474,,ok
melatee.com,,,failed
timent.com,9542749020,,ok
tlalocrivas.com,,https://www.linkedin.com/in/tlaloc-rivas-2a6b2610/; //www.linkedin.com/pub/tlaloc-rivas/10/b26/2a6/,ok
creativebusinessassociates.com,,,failed
cumberland-river.com,,,ok
verdantporch.com,,,failed
workitstudio.com,,,ok
coffee-homemachines.club,,,failed
mendiolagardening.com,,,failed
thestonenc.com,,https://www.instagram.com/thestonech/; https://www.facebook.com/thestonenc,ok
kansaslimousin.org,6204325056; 2358928539,https://www.facebook.com/groups/1235892853935518/; https://www.facebook.com/groups/294431518392859/user/1483456138/?__cft__%5b0%5d=AZUHMermbSGOCqsTa2CUw-C3RjZHRYoqHY5zxofYh9cPVLmj8oovH-ozQ8Az2pl-qEBLQkYfTipIbB4ljFZlj5IbZq8M64Cs76vBohtKhUkPh_r2JcYW9Vp8nByochGu4Ogyg3-7aPEnZtlSnHHAXPo3RLUrj7WQ5oSijTWRv8Ob8_9t3oXuz5YSp4Y_z5bs4iI&__tn__=-%5dK-R,ok
kkcger.com,,,ok
maddux.pro,,,failed
ohanaconsulting.net,9492307919,,ok
postmodern-strings.com,9562806706,,ok
takapartners.com,8185837033,,ok
techbarstore.com,,,ok
top-salon-hair-salon.business.site,,,failed
dolee-rentals.com,(229) 436-9620; 2293445037; 229-344-5037; 2294369620,https://facebook.com/DoLee-Rentals-Inc-141860142549724,ok
kns-construction.com,2032318300,,ok
timothyburger.com,,,ok
trueaudio.com,8654943388,,ok
venturemediaagency.com,,,failed
garrettwietholter.com,3178738958; 3178733230; 8557337333,https://www.facebook.com/153341281385570; https://www.linkedin.com/in/garrett-wietholter-b5037a88,ok
nashvilleucc.org,9376985867,,ok
outforlifeministries.com,,,failed
phack.org,4089874893,https://www.facebook.com/PHackCon; https://www.linkedin.com/company/pacific-hackers-conference; https://www.instagram.com/pacifichackersca/,ok
potomaccanine.com,,,ok
azureskies.com,,,ok
couplescounselingatlanta.com,,,failed
philstreeppc.com,,,failed
romanthumbs.com,,,failed
topcropalliance.com,8126140436,https://www.facebook.com/topcropagronomy,ok
smilesbygateway.com,,,failed
solarecon.wordpress.com,,,ok
johnstons-clothiers.business.site,,,failed
ohhappydayshatchetthrowing.com,,,failed
plumbingbydlt.com,713-979-8345; +17139798345; 7139798345,https://www.facebook.com/Plumbing-By-DLT-217036568422674/,ok
completecaredevelopmentcenter.com,,,failed
kaleofamilies.org,,,failed
monahanclinics.com,9048248353; +904-824-8353; 3863282710; 904-824-8353; +386-328-2710,https://www.instagram.com/monahanchiro_medical/; https://www.facebook.com/MonahanClinics,ok
samantharaiderbrown.com,,,ok
beagibbons.com,,,failed
getranx.com,,,failed
iam-boeing.com,,,ok
roux30a.com,8502130899,https://www.instagram.com/roux30a/; https://www.facebook.com/Roux30a,ok
1laurellane.com,,,failed
airprofork.com,,https://www.instagram.com/p/B5OeatAl__d/; https://www.instagram.com/p/BfrhhXRnKPF/; http://instagram.com/airprofork; https://www.instagram.com/p/BtJO2SalP_b/; https://www.instagram.com/p/BeirhaanHT_/; https://www.instagram.com/p/BeQ9OyCnDG6/; https://www.instagram.com/p/BfwG5VXH59P/,ok
candybartending.com,,https://www.instagram.com/candybar_bartender/; https://www.facebook.com/Candythebartender,ok
kelleyroadrace.com,,,ok
marrs-jonesfuneralhome.com,(512) 237-2425; 5122372425,http://www.facebook.com/MarrsJonesFuneralHomeAllFaithsofthePinesChapel/,ok
motherssoontobe.com,,,failed
palla-siding-and-windows.business.site,,,failed
propertyguysnj.com,,,failed
rcgglobaltv.com,,,failed
rlosrivera.com,,,ok
starcomconsulting.com,,,failed
torget.org,9403688845,,ok
cancersupportdelaware.org,,,failed
cryptohomiesclub.io,,https://www.instagram.com/cryptohomies_/; https://www.facebook.com/cryptohomiesnft,ok
jessicaashwellness.com,,https://www.instagram.com/jessicaashwellness/,ok
pctouchservices.com,,http://www.linkedin.com; http://www.facebook.com/home.php?#!/profile.php?id=100001414006599,ok
sharonkinghoge.com,,,ok
steppir.com,,,ok
highwayonerealestate.com,,,failed
minastollery.com,,https://www.instagram.com/electric_skillet/,ok
amwindowcleaning.org,,,failed
cincyscrubs.com,(801)394-0707; 513-939-6007; 5139396007,https://instagram.com/dubsscrubs.ut; https://www.facebook.com/cincyscrubs/; https://www.instagram.com/@CincyScrubs; https://www.facebook.com/DubsScrubs; https://www.instagram.com/CincyScrubs,ok
figlass.biz,6315835644; 8453546074,,ok
horizons.church,4025125700; (402) 512-5700,https://www.facebook.com/HorizonsCommunityChurch/; https://www.instagram.com/horizons_community_church/,ok
mygoodhorse.weebly.com,8054791140,http://www.facebook.com/pages/Good-Horses/162395740581911?ref=hl,ok
wombatworks.org,,,failed
yourhairdynasty.com,,,failed
alpha-research-associates-research-institute.business.site,,,failed
annarborhomesrealtor.com,,,failed
astepabovemb.com,,https://www.instagram.com/astepaboveflooring/; https://www.facebook.com/AStepAboveFlooringMB,ok
buchanan-edwards.online,,,ok
busiup.com,,,failed
clockinc.org,3095580956,https://www.instagram.com/clockinclgbt/; https://www.facebook.com/designs.chasing; https://www.linkedin.com/in/clockinc/; http://facebook.com/clock.inc.qc,ok
oceancurrent.com,4159607455; 4208572802; 4186973641; 4169741346; 4208363887; 4176404883; 4158899100; 4208385137; 4169741113; 4208352323; 4169790858; 4208385133; 4175345277; 4208386143; 4208377797; 4158882100; 4158882096; 4208363883; 4208386133; 4176397487; 4208377793; 4208386136; 4176405187; 4175345283; 4176404876; 4158882103; 4208386139; 4159607465; 4208572805; 4159607462; 4176404873; 4169741123; 4208378737; 4186973647; 4208385140; 4169741356; 4208377803; 4175345290; 4176405194; 4208363893; 4158882106; 4176398673; 4159607459; 4175345280; 4169741120; 4208352329; 4176404879; 4158899103; 4208352326; 4176398663; 4176397490; 4176397497; 4208363890; 4176398670; 4169790862; 4176405191; 4158899096; 4208385130; 4208377800; 4176398666; 4208572809; 4169790855; 4208352333; 4208572799; 4169741117; 4169741349; 4175345287; 4169741352; 4208378730; 4176405184; 4186973650; 4169790852; 4208378734; 4158899093; 4186973644; 4176397493; 4208378727,https://facebook.com/oceancurrent; https://instagram.com/oceancurrent; https://www.instagram.com/oceancurrent/,ok
arnoldprint.com,,,failed
deepdivecounseling.net,,,ok
forcht-law.com,,,ok
graciejoplin.com,,,ok
itpc-usa.com,,https://instagram.com/wix; https://www.facebook.com/wix,ok
scienceeducators.org,,,failed
directdrivelogistics.com,8776335045,,ok
gsbphoto.com,,,ok
pinehavenresort.com,,,failed
cavachonsofoklahoma.com,,,ok
fuecid.shop,,,failed
janellesrestaurant.com,,,failed
peacefulwolftaichi.com,,,failed
uomosport.com,3102050407,https://www.facebook.com/UOMOSPORT2016/; https://www.linkedin.com/company/uomo-sport; http://instagram.com/uomo_sport,ok
warnby.com,,,failed
antiochassistedliving.com,,,failed
davidprieto.realestate,,,failed
gygeneralservices.business.site,,,failed
kickitupquilting.com,,https://www.instagram.com/kickitupquilting/; https://www.facebook.com/KickItUpQuilting/,ok
koimountain.com,,,ok
pinolevistareimagined.com,,,ok
seamuspuppy.com,,,ok
aop3d.com,7815071606,https://www.facebook.com/AOPthreeD,ok
off-trail.co,,https://www.instagram.com/offtrail.co/,ok
proexecstaffing.com,,,failed
stewartgrain.com,2177597938; 7659862254,,ok
truyasushica.com,4082444534,,ok
yingtexun.com,,,failed
camilluscusecamp.com,,,failed
hyhp.org,,https://www.facebook.com/hawaiiyhp; https://www.linkedin.com/company/hyhp; https://www.instagram.com/hawaiiyhp,ok
rrrobotictec.com,,,failed
thebeautyteam.com,9089175233,https://www.linkedin.com/in/daniela-brozkova-3b084b9/; https://www.linkedin.com/; https://www.facebook.com/; https://www.instagram.com/; https://www.instagram.com/thebeautyteamnj/?hl=en; https://www.facebook.com/The-Beauty-Team-NJ-1524388267839855,ok
justgooglebenhiggins.com,,,failed
onsa.net,,,failed
stitchncluck.com,,,ok
ascend-tech.us,,https://www.linkedin.com/company/ascendant-software-technology-llc/,ok
buryservices.com,,,ok
cleaningsvccolumbiafalls.com,,,failed
fortlaudedalepsychic.com,,,failed
longrealty.com,,,failed
miltongeorgialiving.com,,,ok
smensclub.org,4127419622,https://www.facebook.com/smensclub,ok
woodgateapts.net,8442017843,https://www.facebook.com/pg/aptswoodgate/photos/; https://www.instagram.com/woodgate.jordan.landing/; https://www.facebook.com/sharer/sharer.php?u=https://www.woodgateapts.net&src=sdkpreparse,ok
crawfordproduction.com,,,ok
fanbladedesigns.com,2087204041,https://www.facebook.com/pages/Fan-Blade-Designs/1414707588783035; https://instagram.com/fanbladedesigns,ok
ghostmountain.org,,,failed
lequedagua.com,,https://www.facebook.com/lequedagua.lda/; https://www.instagram.com/lequedagua/,ok
lisinoprilfst.com,,,failed
nbwatergardens.com,6602293777,,ok
semillacenter.org,,https://www.facebook.com/SemillaCenter/; https://www.instagram.com/semillacenter/,ok
jrmatheny.com,,http://instagram.com/jrmatheny,ok
madebyjosy.com,,,failed
philippineflowers.com,,,ok
stpunited.org,8163316444,,ok
thethriftyhijabi.com,,,failed
timemusicgroupnyc.com,,,ok
2701jamesmwood.com,2132474210,,ok
behindthewhitebeard.com,,,failed
calcoastjewelryappraisers.com,760-504-6343; 7605046343; +17605046343,https://www.instagram.com/gemologistgirl/; https://www.facebook.com/CalCoastJewelryAppraisers/,ok
floraottimer.com,,http://facebook.com/floraottimer; http://instagram.com/floraottimer,ok
infinitiofsouthatlanta.com,,,failed
johnsoncreekrvresort.com,8303673300; 830-367-3300,https://www.instagram.com/explore/locations/252106602/johnson-creek-rv-resort-park/; https://www.facebook.com/johnsoncreekrvresortpark,ok
liketelevision.com,,,failed
talkingparents.com,,https://www.instagram.com/talkingparentsapp/; https://www.facebook.com/TalkingParents/; https://www.instagram.com/themichelledempsey,ok
allcleanhomes.com,6128072191,https://www.facebook.com/allcleanhomes1,ok
ericamhill.com,,,ok
hypnosishealthworks.com,3104041256,,ok
rewildyourgarden.com,1-207-653-9334; 2076539334,https://www.facebook.com/kdbgardenrewilder/; https://instagram.com/rewildyourgarden,ok
shakeprosolutions.com,,http://instagram.com/shakeprosolutions; https://www.facebook.com/ShakeProSolutions/,ok
themarketinggroupaz.com,,,failed
virustarllc.com,,,failed
continentalfresh.com,(555) 555-5555; 3058609611,https://www.linkedin.com/company/continental-fresh-llc/,ok
marblepolishingmiami.net,(305) 731-2242; 3057312242,,ok
tornadobaseball.com,,,ok
hdnavalue.com,3103785700,https://www.facebook.com/pages/Hollingshead-Dearden-Associates/848956838453944; https://www.linkedin.com/company/hollingshead-dearden-&-associates,ok
mojoparker.com,,https://instagram.com/mojoparkerblues; https://www.facebook.com/mojoparker,ok
proofpass.com,,,failed
rgaineswebdevelopment.com,+18169747493; 8169747493,,ok
spynewsletter.com,,,failed
charliesproshop.com,7273973947,,ok
haqelyaqeen.com,,,failed
mutterpasshuellen.eu,6212542147,,ok
theneumannproject.com,,,failed
vibrantlifefarms.com,970-222-5917; 9706388988,https://www.facebook.com/vibrantlifefarms; https://www.instagram.com/vibrantlifedelights; https://instagram.com/wix/,ok
vipsmarthomes.com,4252922500,https://www.linkedin.com/company/vipsmarthomes/,ok
jsdagency.com,,https://www.instagram.com/jsd.agency/?hl=en; https://www.linkedin.com/company/jsdagency,ok
sunnova-solar-oakland.business.site,,,failed
tevisdenise.com,,,failed
badgertoyotalift.com,,,ok
bettoli.realtor,(305) 356-7440; 3053567440,https://facebook.com/NARdotRealtor; https://instagram.com/nardotrealtor/,ok
greggardnersbarbershop.com,,,failed
hautesalonjc.com,5736347476; 573-634-7476,https://www.facebook.com/hautesalon; https://www.instagram.com/hautesalonjc/,ok
ropescan.us,,,failed
saracott.com,4048501270,,ok
dumpsterrentalalhambraca.com,,,failed
fynres.com,,,failed
hubbardstudios.com,,,failed
roushdetailingllc.com,,https://www.instagram.com/RoushDetailingLLC.Colorado; https://www.facebook.com/RoushDetailingLLC,ok
salinasidingcompany.com,+1785-390-8822; 7853908822,https://www.linkedin.com/company/75604120/; https://www.facebook.com/Salina-Siding-Company-104405568676524,ok
arisepca.com,,https://www.instagram.com/arisepresbyterian/; http://www.facebook.com/ArisePCA; https://www.instagram.com/p/DTN_lZuj8Qr/,ok
hairbykole.com,,,failed
bundlesbybassett.com,,,failed
documentsandforms.com,,https://www.facebook.com/sharer/sharer.php?u=https%3A%2F%2Fdocumentsandforms.com%2Fdownloads%2Fslaying-social-anxiety%2F; https://www.facebook.com/sharer/sharer.php?u=https%3A%2F%2Fdocumentsandforms.com%2Fdownloads%2Fcash-building-strategies%2F; https://www.facebook.com/sharer/sharer.php?u=https%3A%2F%2Fdocumentsandforms.com%2Fdownloads%2Fhow-to-price-your-product-or-service-just-right-2%2F; https://www.facebook.com/sharer/sharer.php?u=https%3A%2F%2Fdocumentsandforms.com%2Fdownloads%2F7-days-to-plr-profits-2%2F; https://www.facebook.com/sharer/sharer.php?u=https%3A%2F%2Fdocumentsandforms.com%2Fdownloads%2Fdoing-business-with-paypal-2%2F; https://www.facebook.com/sharer/sharer.php?u=https%3A%2F%2Fdocumentsandforms.com%2Fdownloads%2Fthe-master-guide-to-plr-2%2F; https://www.facebook.com/sharer/sharer.php?u=https%3A%2F%2Fdocumentsandforms.com%2Fdownloads%2Fdont-delay-sell-more-online-2%2F; https://www.facebook.com/sharer/sharer.php?u=https%3A%2F%2Fdocumentsandforms.com%2Fdownloads%2Fturning-digital-trash-into-cash-2%2F; https://www.facebook.com/sharer/sharer.php?u=https%3A%2F%2Fdocumentsandforms.com%2Fdownloads%2Fheavy-duty-online-selling-2%2F; https://www.facebook.com/sharer/sharer.php?u=https%3A%2F%2Fdocumentsandforms.com%2Fdownloads%2Finternet-marketing-secrets-unlocked%2F; https://www.facebook.com/sharer/sharer.php?u=https%3A%2F%2Fdocumentsandforms.com%2Fdownloads%2Farticles-of-incorporation-2025-series%2F; https://www.facebook.com/sharer/sharer.php?u=https%3A%2F%2Fdocumentsandforms.com%2Fdownloads%2Fmiracle-commissions%2F; https://www.facebook.com/sharer/sharer.php?u=https%3A%2F%2Fdocumentsandforms.com%2Fdownloads%2Fproduct-flipping-for-cash-2%2F; https://www.facebook.com/sharer/sharer.php?u=https%3A%2F%2Fdocumentsandforms.com%2Fdownloads%2Flearning-the-legalese%2F; https://www.facebook.com/sharer/sharer.php?u=https%3A%2F%2Fdocumentsandforms.com%2Fdownloads%2Farticles-of-incorporation-2025-basic-series-free%2F; https://www.facebook.com/sharer/sharer.php?u=https%3A%2F%2Fdocumentsandforms.com%2Fdownloads%2Finternet-marketers-guide-to-plr-2%2F; https://www.facebook.com/sharer/sharer.php?u=https%3A%2F%2Fdocumentsandforms.com%2Fdownloads%2Fthe-master-guide-to-plr%2F; https://www.facebook.com/sharer/sharer.php?u=https%3A%2F%2Fdocumentsandforms.com%2Fdownloads%2Fproduct-funnel-optimization%2F; https://www.facebook.com/sharer/sharer.php?u=https%3A%2F%2Fdocumentsandforms.com%2Fdownloads%2Flearning-the-legalese-2%2F; https://www.facebook.com/sharer/sharer.php?u=https%3A%2F%2Fdocumentsandforms.com%2Fdownloads%2Femail-marketing-101%2F; https://www.facebook.com/sharer/sharer.php?u=https%3A%2F%2Fdocumentsandforms.com%2Fdownloads%2Fnetworking-public-speaking-for-internet-marketers-2%2F; https://facebook.com/; https://www.facebook.com/sharer/sharer.php?u=https%3A%2F%2Fdocumentsandforms.com%2Fdownloads%2Ftimeless-sales-strategies-2%2F; https://www.facebook.com/sharer/sharer.php?u=https%3A%2F%2Fdocumentsandforms.com%2Fdownloads%2Faction-driven-living%2F; https://www.facebook.com/sharer/sharer.php?u=https%3A%2F%2Fdocumentsandforms.com%2Fdownloads%2Fthe-ultimate-copywriting-handbook%2F; https://www.facebook.com/sharer/sharer.php?u=https%3A%2F%2Fdocumentsandforms.com%2Fdownloads%2Fcash-building-strategies-2%2F; https://www.facebook.com/sharer/sharer.php?u=https%3A%2F%2Fdocumentsandforms.com%2Fdownloads%2Fthe-branding-formula%2F; https://www.facebook.com/sharer/sharer.php?u=https%3A%2F%2Fdocumentsandforms.com%2Fdownloads%2Ffiresale-profits-revealed-2%2F,ok
lineoftecnologia.com,,,failed
mikesagfencerepair.com,2402856648,https://www.facebook.com/Mikes-Agriculture-Fence-Repair-101798072153722/?ref=page_internal,ok
sootheyoursoulmassage.com,,,failed
thatpaintgirl.com,,http://instagram.com/thatpaintgrl,ok
cgllcairheatingandcoolingservices.business.site,,,failed
clinejewelers.com,,,failed
1vandegraaff.com,,,failed
betterbuildco.com,5122708388; +15122708388,https://www.facebook.com/profile.php?id=100093143553622; https://www.instagram.com/austinhomeservices/?next=%2F,ok
dreamservicesoftware.com,2106950795,https://www.linkedin.com/company/dream-service-software; https://www.instagram.com/dreamservicesoftware/; https://www.facebook.com/dreamservicecrm,ok
meskauskis.com,,,ok
thelocalmanjakemangan.com,,,failed
timberwoodofnaples.org,,,failed
two2brew.com,8776627544,https://www.facebook.com/hellotwo2brew/; https://instagram.com/hellotwo2brew; //www.facebook.com/sharer.php?u=https://www.two2brew.com/products/ascaso-steel-duo-plus-new; //www.facebook.com/sharer.php?u=https://www.two2brew.com/products/blendtec-bar-blender,ok
loydayu.com,6198897788; 6194757777,http://www.facebook.com/ErikaLoydaYu,ok
markhensonart.com,7072752201; 7077308538; 7072453507; 707-730-8538; 707-275-2201,http://www.facebook.com; http://www.instagram.com,ok
tangodown.com,,,failed
iambaldianastyles.info,,,failed
innovativeinstruction.org,,,failed
lassomd.com,8884488149,https://www.instagram.com/hi.lassomd/; https://www.facebook.com/Hi.LassoMD/,ok
nefsvt.com,8027548863,https://www.instagram.com/nefsvt/; https://www.facebook.com/NortheastFarmServices/?ref=hl,ok
yourvibrantnutrition.com,7328295146; 732-829-5146,https://www.instagram.com/wellnessoneill/; https://www.linkedin.com/in/annette-o-neill-rdn-3182a5ba/; https://www.facebook.com/Dietitianinfo/,ok
burst-media.com,2085739931,https://www.facebook.com/BurstMediaLLC/,ok
hightechautoservicesantamonica.com,,,failed
rebeccathebadass.com,,https://www.instagram.com/rebeccaekeating/,ok
tsunamipolo.org,,https://www.instagram.com/sftsunamipolo/?utm_source=ig_embed&utm_campaign=loading; https://www.facebook.com/SFTsunamiWaterPolo,ok
bergesenterpriseinc.com,,,ok
brooklyntreecompany.com,,,failed
citycenterwaco.com,254.754.8989; 2547548989,https://www.facebook.com/sharer/sharer.php?u=https%3A%2F%2Fwww.facebook.com%2F230114996062234%2Fposts%2F907393761667684; https://www.instagram.com/wacodowntown/; https://www.facebook.com/230114996062234/posts/907393761667684; https://www.linkedin.com/shareArticle?mini=true&url=https%3A%2F%2Fwww.facebook.com%2F230114996062234%2Fposts%2F907393761667684&title=%09%09%09For%20all%20our%20art%20lovers%2C%20Downtown%20Waco%20is%20rich%20in%20local%20talent%2C%20as%20evidenced%20by%20the%20beautiful%20wall%20murals%20that%20adorn%20our%20city.%20Which%20one%20is%20your%20favorite%3F%20Comment%20down%20below%21%20%E2%AC%87%EF%B8%8F%20%F0%9F%8E%A8%09%09%09%09; https://twitter.com/intent/tweet?text=https%3A%2F%2Fwww.facebook.com%2F230114996062234%2Fposts%2F907393761667684; https://www.facebook.com/downtownwacotx/; https://facebook.com/216687328438429,ok
paysonhandyman.com,,http://www.google.com/url?q=http%3A%2F%2Finstagram.com%2Fpaysonhandyman&sa=D&sntz=1&usg=AOvVaw0XxJ0NDLvG0pT2n_8zA_Rp; https://www.google.com/url?q=https%3A%2F%2Fwww.facebook.com%2Fpaysonhandyman%2F%3Fref%3Dpages_you_manage&sa=D&sntz=1&usg=AOvVaw00lBsIL37bVvNsYefyp_HP,ok
skdesignbuildllc.com,4067457506; 4067457500; 5206222590; 5413105612; 5207420457,https://www.facebook.com/sktcorp; https://www.linkedin.com/company/s&k-technologies/,ok
adaini.com,,,ok
brilliantcityreiki.com,,,failed
genfreellc.com,,https://www.linkedin.com/company/genfree-llc; https://www.facebook.com/100137179118600,ok
gentzlerelectric.com,2143412890; (214) 341-2890; 1-214-341-2890,,ok
moorecapitalservices.net,,,ok
amendedbeauty.com,7194459706,https://www.facebook.com/hue32; https://instagram.com/amendedbeauty; https://www.instagram.com/browbarinc_template/,ok
beautifulbodybabes.com,,,failed
charlesmann-contracting.com,,,failed
growthfutures.net,,,failed
janarose.us,,https://www.instagram.com/p/CtpAf4TJKnC/; https://www.instagram.com/reel/Ct7P56apYIg/; https://www.instagram.com/reel/CuDXVwGJ5nv/; https://www.instagram.com/reel/CuPiaj9r-ZK/; https://www.instagram.com/reel/Ctpf4NBpW95/; https://www.instagram.com/reel/CuAPx0wJocZ/; https://www.instagram.com/reel/CtbwblgRU_k/; https://www.instagram.com/reel/CuSUzDdp3S4/; https://www.instagram.com/p/CuFPFmELou9/; https://www.instagram.com/reel/Ct38o-uNK_o/; https://www.instagram.com/reel/Ct96i3op0vY/; https://www.instagram.com/reel/CuUoHCqs3gq/,ok
pearlcorker.wordpress.com,,,ok
skinnerdaylilies.com,,,failed
tamalpaistaichi.com,,,ok
asahisuperdry.com,,,ok
drrokh.com,,https://www.instagram.com/dr_rokh_academy/; https://www.facebook.com/Drrokh26/; https://www.linkedin.com/in/parastoo-chamanrokh-ph-d-a647616a,ok
highwaydistribution.net,9512108167,https://www.facebook.com/boldthemes/; https://www.instagram.com/bold_themes/,ok
kellyhohlainteriors.com,,https://www.instagram.com/kellyhohla/; https://www.facebook.com/hohlainteriors/,ok
lawrencedy.com,8584491253,,ok
sullivanswcd.org,8452926552; 8452959073,https://www.facebook.com/profile.php?id=61558103647651,ok
ergoactives.com,,,ok
grpinsurance.com,5614487410; 8776416677,,ok
laydomsouth.org,,,ok
shoplakebuoy.com,,,failed
tambasamba.design,,,ok
acornlawpc.com,8054093878; 805-409-3878,https://www.facebook.com/acornlaw/,ok
airelibreavenue.com,,,failed
erichedlund.com,,,ok
imperiumstrategiesllc.com,,https://www.linkedin.com/company/imperium-public-strategies,ok
4v21.com,,,failed
intfloors.com,,,ok
norconindustries.net,4808392324; 480-839-2324; 480.839.2324,,ok
tic-texas.com,2812650409; 2812650402,https://www.linkedin.com/company/texas-inpatient-consultants-lllp/; https://www.instagram.com/texas_inpatient_consultants/; https://www.facebook.com/TICSugarLand/,ok
trihealthbalance.com,,,failed
bathpeople.com,,https://www.instagram.com/bathpeopleco/; https://www.facebook.com/bathpeople/,ok
bubongstore.com,,,failed
cedarwork.org,,,failed
helixapartments.com,,,failed
richardsservicecenter.com,,,failed
epertase.com,,,failed
id44.com,,,failed
laflosd.com,,,failed
lifeofbtc.org,8035490083,https://www.facebook.com/Sterling-Council-605921499827431; https://www.instagram.com/life.of.btc/,ok
openairchair.com,,,failed
sushirawsf.com,,,ok
verve-medical.com,,,ok
jaredshavelson.com,,http://instagram.com/jaredshavelson,ok
lgcountryschool.com,8474384834,,ok
wanakenapinecone.wordpress.com,315-309-4040; 3153094040,https://www.facebook.com/profile.php,ok
clevelandheightsapartments.com,,,ok
highqualitypcs.com,,,failed
tylerteaches.com,,,failed
86fest.com,,https://www.facebook.com/86FEST/; https://www.facebook.com/CarsWithoutLimits/; https://www.instagram.com/86fest/; https://www.facebook.com/events/285767488297736/; https://instagram.com/azfrs86/; https://instagram.com/socalsd86/; https://www.facebook.com/TeamTopakRacing,ok
elijahvest.com,,,failed
hannacho.com,,,failed
jasonheltonrealestate.com,,,failed
kathymetzinc.com,,https://www.facebook.com/; https://www.linkedin.com/; https://www.instagram.com/,ok
platformtemizlik.com,,,failed
shmstudios.com,,,ok
westtubingcompany.com,828-389-8823,https://www.instagram.com/west_tubing_company/; https://www.facebook.com/westtubingcompany,ok
advance-tcc.com,,,failed
bluestreakgrinding.com,6023538088,,ok
tashahmoore.com,,,failed
thejewishheritagefoundation.com,,,failed
veritassynergetic.com,,,failed
wellbaum-apiaries.business.site,,,failed
aroostooktechnologies.com,207-762-9321; 2077629321,,ok
branchedoakmarina.com,,,failed
brandibaileyphotos.com,,,failed
daylilyhealth.org,2485564556,https://www.linkedin.com/company/daylilyhealth; https://facebook.com/daylilyhealth; https://instagram.com/daylilyhealth,ok
woodstocklodge246.org,,,failed
burkeoppenheim.com,,,failed
eringallagher.wordpress.com,3124927458,http://www.facebook.com/pages/Chicago-IL/erin-gallagher-jewelry/136555849833?ref=ts,ok
snugharborca.com,,,failed
successoilco.com,8004519865; 8189749623,,ok
thermalpd.com,,,failed
emergencyinternational.org,,,ok
foxtrailerservice.com,2544343927,https://www.facebook.com/foxtrailerservice/,ok
nomadicbearproductions.com,,,failed
powersfamilymedicine.com,2489872958; 2484826222; 12484826222,http://www.facebook.com/powersmedicine,ok
themacks.wordpress.com,,,ok
timothylee.us,4087400862,https://linkedin.com/in/timothylee-us; https://www.linkedin.com/in/timothylee-us/,ok
nu-imagepainting.com,,,failed
southsidedentalcare-dentalclinic.business.site,,,failed
citadelurban.com,2107960167,https://www.instagram.com/citadelurban/; https://www.facebook.com/profile.php?id=61555742331720,ok
coopster.org,,,ok
directjet.com,,,failed
sacreativedesign.com,8326462308,//www.facebook.com,ok
yjlashstudio.com,,,failed
sanfranciscowinecenter.com,,,ok
sceniclandscaping.net,,,failed
techsynario.com,,,failed
temploebenezerweslaco.com,,,failed
cotherix.com,,,failed
leahyfamilydentistry.com,,,failed
ohanacrm.com,,,ok
pd2llc.com,,,failed
romesportshalloffame.com,,,failed
studiobsalon.net,,,failed
aristacons.com,,https://www.facebook.com/Plesk; https://www.linkedin.com/company/plesk,ok
sbmobilenails.com,,,failed
aether-multimedia-llc.business.site,,,failed
aspecialtouchflorist.net,,,failed
cowpaddyfudge.wordpress.com,8133824158,,ok
maquez-kennelz.business.site,,,failed
tax-masters.net,,,failed
ticketsregina.com,,,failed
abujaluxuryhome.com,,,failed
belozapp.com,,,failed
harmonystarkennel.com,,,ok
homesforsalescv.com,6612502075; 66128686105546,,ok
1stamc.com,,,failed
abbevillecalendar.com,,,ok
apollostreams.com,8014926296,https://www.facebook.com/Apollo-Streams-103638581396058; https://www.instagram.com/apollostreams/,ok
fitfeetflorida.com,7278245100; 8136451993; (813) 563-6458; 8135636458,https://www.facebook.com/FitFeetForLifeFootandAnkle/,ok
kaylabeehler.com,,https://www.linkedin.com/in/kayla-beehler-61691410a/; https://www.instagram.com/kb_designs/,ok
parisfumc.org,,,failed
jointguard.com,,,ok
kusbeautyusa.com,,,failed
logansquarelaundry.com,8722786606; (872) 278-6606,https://facebook.com/profile.php?id=61578108756218,ok
mogreenway.com,,,ok
al-advertising-diet-store.com,,,failed
artworkbydoyle.com,,,failed
bc-hinger.com,,,failed
beautyblueprintllc.com,,,failed
bookkeepinglogic.com,4086901896,,ok
neomedia-dg.com,9152012695; +1 915 201-2695,https://www.linkedin.com/company/neomedia-design-group; https://www.facebook.com/neomedia.dg; https://www.instagram.com/neomedia.dg,ok
reveportraits.com,,,failed
rustyskate.com,,,failed
shootmethevin.com,,,failed
3lechesbake.com,2252875355; 2255726013,https://www.instagram.com/3lechesbakery/; https://www.facebook.com/3lechesbake/,ok
baypointlabs.com,707-747-6081; 7077476081,,ok
bigtransformerbushings.com,3304931890; 3304931893,,ok
feltgoodmusic.com,,,failed
lionsteelstructuresco.com,,,failed
royaltycleaningva.co,,,failed
sherricornett.com,,,ok
childcarecompany.org,,,ok
kathrynsonmoonlake.com,,,ok
periogel.net,8774344867,https://www.instagram.com/perioprotect/; https://www.facebook.com/PerioProtect,ok
prashnercpa.com,5123261440,https://www.facebook.com/Barbara-Prashner-CPA-PC-128144142015; https://us.linkedin.com/in/barbara-prashner-cpa-p-c-8914127,ok
whittiershuttle.com,//19073506010; 9073506010; 8882578527,,ok
aetheradvisors.com,,https://www.linkedin.com/in/julie-ryan-3a46504/,ok
ageanabrett.com,,,failed
crossroadsrvpk.com,,,failed
fightguard.net,7144575391; 8773036180,,ok
nationalcapitalfitday.com,,,failed
ordercrustandbuns.com,,,failed
seattlecandle.com,,,ok
theneedlehouse.com,,,ok
allstarbp.com,,,failed
dallassurgicalgroup.com,2143506672; (214) 350-6672,,ok
daveandtracy.org,,,failed
garagedoor-repair-waynenj.com,(973) 319-7770; 9733197770,,ok
jshs-tn.utk.edu,,,failed
jtheater.com,,,ok
randrdance.com,8435039616,https://www.facebook.com/676206005802894; https://www.instagram.com/randr_dance/,ok
sbstransportllc.com,,https://www.instagram.com/sbstransportllc/; https://www.facebook.com/101932885163238,ok
when2heartsbeatas1.org,,,failed
abreakdisabilityandrespite.com,,,ok
aestatix.com,,https://www.instagram.com/aestatix/; https://www.linkedin.com/company/aestatix/,ok
cadottfamilyrestaurant.com,7159780027; 715-978-0027; %20715-978-0027,https://www.instagram.com/cadottfamilyrestaurant/; https://www.facebook.com/cadottfamilyrestaurant/,ok
figureitoutagency.com,,https://www.instagram.com/figureitoutagency,ok
galleongc.com,,,failed
jadynbags.com,,https://www.facebook.com/jadynbags; https://www.instagram.com/jadynbags/,ok
liverpoolchurch.com,,,ok
cwenergyusa.com,+14809981694; 4809981694,https://www.linkedin.com/company/cwenergy/about/; https://www.facebook.com/cwenergyusa/,ok
indiyoung.com,,https://www.linkedin.com/in/indiyoung/; https://www.instagram.com/indiyoung_/,ok
newasianjuyuan.com,7635958888; 763-595-8888,,ok
simplicitymovers.com,,,failed
smartdivorcestrategy.com,,https://www.linkedin.com/in/lauramiolla/; https://www.instagram.com/thebrainwisecoach/,ok
tandoorrestaurants.com,,https://facebook.com/tandoorgrill; https://www.instagram.com/tandoor_indianslc?igsh=MXJnbXZvZGF4b3Bncw==,ok
tribeofdantours.com,,,ok
boyettrecovery.com,,,failed
erikashome.com,,,failed
hbcofrochester.org,217%20491%203343; 2174913343,https://www.facebook.com/JesuslovesRochester/,ok
littlefeetforestschool.org,,,failed
motinidesigns.com,,,ok
nationalcarousels158.com,,,failed
2020relining.com,,,failed
advancenetsupport.com,7864263492; 3053066487; 786-426-3492,,ok
drtompastor.com,6123143739,,ok
mottshay.com,,,ok
patscrap.co.uk,,,ok
rethinkingwealth.org,305-333-0457; (305) 333-0457; 3053330457,https://www.facebook.com/inkaspraytan; https://www.instagram.com/inkaspraytan/,ok
centralcoastmd.com,8055426392; 8055697567; 8054341491; 8054737670; 8055697477; 8054503322; 8052963550; 8055467723; 8057393436,,ok
ellen4wcsd.com,,,failed
missinglnk.com,,,ok
themorvarid.com,,,failed
thephotoboothunlimited.com,,,failed
urtubiavielma.com,3074591883,https://www.linkedin.com/in/pablourtubia/; https://www.linkedin.com/company/urtubiavielma/; https://www.linkedin.com/in/camila-vielma-reyes-25911941/,ok
advertiserandmarketersplatform.com,,,failed
carvedsoulsmusic.com,,,ok
assemblyninja.com,9092789985; 909-278-9985,,ok
biodyn-lifesciences.com,,,ok
pastorecompany.com,,,ok
sheetmetallocal399.com,843.554.4418; 8435544418,https://www.facebook.com/local399/?fref=ts,ok
sweetadswebcast.com,,,ok
greenissue.eu,,,failed
kcc.org,,https://www.facebook.com/KagyuChangchubChuling,ok
river-valley-rv-park-tx.business.site,,,failed
scentvillage.com,7022966326,,ok
virtekcompany.com,8008449182,,ok
saipanyc.com,,,failed
hiddengallerywines.com,,https://www.instagram.com/hiddengallerywines/; https://www.facebook.com/hiddengallerywines,ok
kristyler.com,6024302769,https://www.facebook.com/#,ok
perspicacitylabs.com,,,ok
theuntamedcreative.co,,https://www.instagram.com/unbridledform,ok
angelabrite.com,,,failed
clovercutsandcolor.com,,,failed
macazancorp.com,,,ok
ngchm.net,,https://www.facebook.com/sharer/sharer.php?u=%2fpost%2flinkout-type-descriptions%2f; https://www.linkedin.com/cws/share?url=%2fpost%2fhow-to-embed-next-generation-clustered-heat-maps-v2%2f; https://www.linkedin.com/cws/share?url=%2fpost%2fhow-to-embed-next-generation-clustered-heat-maps%2f; https://www.facebook.com/sharer/sharer.php?u=%2fpost%2fhow-to-create-next-generation-clustered-heat-maps-with-interactive-builder%2f; https://www.linkedin.com/cws/share?url=%2fpost%2fclustered-heat-maps-for-big-data%2f; https://www.linkedin.com/cws/share?url=%2fpost%2fnew-features-in-ngchm-viewer%2f; https://www.facebook.com/sharer/sharer.php?u=%2fpost%2fhow-to-examine-pathways-in-next-generation-clustered-heat-maps%2f; https://www.facebook.com/NextGenerationClusteredHeatMap; https://www.facebook.com/sharer/sharer.php?u=%2fpost%2fclustered-heat-maps-for-big-data%2f; https://www.facebook.com/sharer/sharer.php?u=%2fpost%2fnew-features-in-ngchm-viewer%2f; https://www.linkedin.com/cws/share?url=%2fpost%2fnew-features-in-rstudio-ngchm%2f; https://www.facebook.com/sharer/sharer.php?u=%2fpost%2fhow-to-embed-next-generation-clustered-heat-maps%2f; https://www.facebook.com/sharer/sharer.php?u=%2fpost%2fnew-features-in-ngchm-galaxy%2f; https://www.linkedin.com/cws/share?url=%2fpost%2fhow-to-examine-pathways-in-next-generation-clustered-heat-maps%2f; https://www.linkedin.com/cws/share?url=%2fpost%2fhow-to-create-next-generation-clustered-heat-maps-with-interactive-builder%2f; https://www.facebook.com/sharer/sharer.php?u=%2fpost%2fhow-to-embed-next-generation-clustered-heat-maps-v2%2f; https://www.linkedin.com/cws/share?url=%2fpost%2fnew-features-in-ngchm-galaxy%2f; https://www.linkedin.com/cws/share?url=%2fpost%2fhow-to-create-next-generation-clustered-heat-maps-with-isb-cgc-data%2f; https://www.facebook.com/sharer/sharer.php?u=%2fpost%2fhow-to-create-next-generation-clustered-heat-maps-with-isb-cgc-data%2f; https://www.linkedin.com/cws/share?url=%2fpost%2flinkout-type-descriptions%2f; https://www.facebook.com/sharer/sharer.php?u=%2fpost%2fnew-features-in-rstudio-ngchm%2f,ok
projectgestalt.com,,https://www.linkedin.com/in/patty-clark-2874281bb/; https://www.linkedin.com/company/project-gestalt/about/; https://www.linkedin.com/in/neil-glenn-jacobson/,ok
ridgelinehomeinspect.com,9206094799,,ok
serenapezzato.com,,,failed
theblueprintshop.com,8502242699; 8502706332,https://www.facebook.com/tallahasseeblueprinting,ok
yourtowcompany.com,4258219004,https://www.facebook.com/yourtowcompany; https://www.instagram.com/yourtowco?igshid=NGVhN2U2NjQ0Yg==,ok
designedbycarla.com,,https://www.linkedin.com/company/designedbycarla; https://www.instagram.com/designedbycarla/; https://www.facebook.com/designedbycarla; https://www.linkedin.com/in/carlastiles/,ok
joyfuladoptions.com,7032221101; 7032223393,,ok
king-alexander.com,,,failed
signaturesportsurfaces.com,,,ok
whymessa.com,2159407700; 2158441614; 8568109555; 2155683500; 8568109500; 9083003900; 8568330600; 6105185328,,ok
deperevfw.net,,,ok
forrestpierce.com,,,ok
northsidemeadows.com,,,failed
snfdata.com,1-877-610-3282,,ok
taam.org,,https://www.facebook.com/100064335412739; https://www.facebook.com/BosnianTurkish; https://www.instagram.com/turkishamericanassociationofmn/,ok
archaeology.virginia.edu,,,failed
myapexhomeinspection.com,2085591353,https://www.facebook.com/MyApexHomeInspection/; https://www.instagram.com/myapexhomeinspection/,ok
rivertownslp.com,,,failed
scottsbluffcountyscanner.com,9402246211; 3086297822; 5312574599; 3082253241; 9402246315,http://instagram.com/panhandlescanner; https://facebook.com/panhandlescanner; https://instagram.com/panhandlescanner,ok
bloggingforextrader.com,,,failed
green-graphixz-clothing-company.business.site,,,failed
ogcut.com,,https://www.instagram.com/_ogeee,ok
50ggirls.com,,,failed
alluredesign.org,,,ok
moving2branson.com,,,ok
roland4fairview.com,,,failed
beezneedz.com,,http://instagram.com/shopify,ok
callunakennels.com,6179216197,https://www.facebook.com/101521885534293; https://www.instagram.com/callunakennels/,ok
car.hk,8526904230; 878-0910-0770; +852 69042300,,ok
audinashville.com,8558946954,https://www.instagram.com/AudiDowntownNashville/; https://www.facebook.com/audidowntownnashville; https://www.instagram.com/audi/; https://www.facebook.com/pages/Audi-Nashville/162522013767116,ok
blackdiamondregulatory.com,2672513123,,ok
drmeganseltz.com,,,ok
petexplain.com,,,failed
rainbowphillyweddingofficiants.com,2158703103,,ok
sinceremobilephlebotomy.net,6822631152; 8179393117,https://www.facebook.com/sincerephlebotomy; http://instagram.com/,ok
aquamarinejewelrystudio.com,,,ok
christinereidphotography.com,,,failed
dolphinsdigital.org,,http://linkedin.com/; https://facebook.com/,ok
downunderpottery.com,4024777655; 402-477-7655,https://www.facebook.com/people/Down-Under-Pottery/100048133515642/#; https://www.instagram.com/downunderpottery/,ok
drrudlin.com,8043531000,,ok
interstatetruck.com,4047632000,,ok
oldfarmhouseprimitives.com,7179406057,https://www.instagram.com/oldfarmhouseprimitives/; https://www.facebook.com/OldFarmhousePrimitives,ok
dskidsermons.com,,https://www.facebook.com/dskidsermons/,ok
autobodiparts.com,+13237447383; 3237447383; 3072082008,,ok
hiddenforestdesign.com,,,failed
jahmakingsconstruction.com,,,failed
journey2beme.com,,,failed
marylandplatingservicinginc.com,,,ok
salazarthomas.com,,,ok
3lnotary.com,,,failed
creativitythroughconstraints.com,,,ok
govirtualoffice.com,,https://www.linkedin.com/company/govirtualoffice; https://www.facebook.com/govirtualoffice/,ok
origingolf.com,7605994499,,ok
secag.org,4697087818,http://www.facebook.com/keenwise,ok
theburningship.com,,,ok
gforcefoundation.com,,https://www.facebook.com/GForceAR,ok
limitlesscounselingservices.com,,,failed
lodgelivin.com,,,ok
sben.org,,,ok
trusted-home-inspection.business.site,,,failed
dotsandcubes.com,,,failed
foreverepoxy.com,5068781444; 1-506-850-9956; 15068509956; 5068509956,https://www.facebook.com/forever.epoxy/; https://www.facebook.com/epoxy.forever,ok
gkama.com,,,failed
graspinc.org,,https://www.instagram.com/grasppetrescue/; https://www.facebook.com/GRASPinc,ok
realtorhsu.net,,,failed
shah-impex.com,,,failed
yogawithorly.com,,,failed
happydaycreations.net,5616284824,https://www.facebook.com/happydaycreations,ok
libanswers.shadygrove.umd.edu,3017386020; +13017386020; 3017998771,http://www.facebook.com/USGPriddyLibrary,ok
putitontheglass.com,,,failed
gougeon.com,,,failed
sonicshopper.com,,,ok
d30ufu6vr9yoyg.cloudfront.net,,,failed
darstproperties.com,,,ok
teriorr.weebly.com,,https://www.instagram.com/thebeboplab/,ok
worldsframedbywords.com,,,ok
auroratechservices.com,2814537400; 2814537700; 2107295060,,ok
godsministryfellowship.com,,,failed
homeworkninjas.com,,,failed
vickcarneylaw.com,8175965533,,ok
azrielassetmgmt.com,,,failed
carrettausa.com,9737709330,,ok
puppetheap.com,,http://instagram.com/puppetheap; https://www.facebook.com/puppetheap/; https://www.linkedin.com/company/puppetheap/,ok
marinbaroque.org,4154976634,https://www.facebook.com/marin.baroque; https://www.instagram.com/marinbaroque/,ok
myacem.com,,,failed
par1cleaners.business.site,,,failed
acupuncture-oriental-massage.business.site,,,failed
bluemercury.com,,https://www.instagram.com/bluemercury/; https://www.facebook.com/bluemercury/,ok
cryptonewsupdate.com,,,ok
greenbikerentals.com,,,failed
riolentoranch.com,,,failed
teambuildergroup.com,,,failed
vpropertysolutions.com,4842020710; +14842020710,http://www.instagram.com/vantagepropertysolutions; http://www.facebook.com/vantagepropertysolutions,ok
embodyacupuncture.com,9177492909,,ok
neilheffernan.net,,,ok
paynespringsumc.org,,,ok
castoreclothing.com,,,failed
palaciopet.com,,,failed
wilkins-grocery.edan.io,8044938660; (804) 493-8660,,ok
artandglamstudio.com,,,failed
fayreconsulting.com,,,ok
it10103.wordpress.com,,,ok
overlakecollie.com,,,ok
hollytreeservice.net,+18454772104; 8454772104,https://facebook.com/profile.php?id=100091209788929; https://instagram.com/hollytreeservice,ok
lalupitaberwyn.net,,,ok
paradiseatlasttravel.com,912-308-8311; 9123088311,https://www.facebook.com/Brandi-Cutrell-Cruise-Planners-1550468978606361/?fref=ts,ok
pcinapa.com,5757463597; 5058642246; 5058651006,,ok
sanchez-lawn-care-and-landscaping-services.business.site,,,failed
carissahannumtherapy.com,2026775049; 2026563681,,ok
hometheatersystemgainesville.com,,,failed
mctierart.com,7066990660; 2127601228,https://www.instagram.com/mctierart/; https://www.facebook.com/mctierart; https://www.linkedin.com/in/jacemctier/,ok
myfriendsandme.net,,https://www.instagram.com/myfriendsandme_inc; https://www.facebook.com/myfriendsandmeinc,ok
pestcontrolmodestoca.org,,,failed
horizon-international.com,,,failed
imcl-conference.org,,,ok
knickonwood.com,,,ok
lukesmma.com,,,failed
accubuiltnw.com,(253)%20802-4841; (253) 802-4841; 2538024841,,ok
carriecrespo.com,,,ok
celebaesthetics.com,,,failed
dorsettchapel.org,7046376759,https://www.instagram.com/dorsettchapel/; https://www.facebook.com/dorsettchapel,ok
hudsonlux365.com,+1(305) 928-0661; 3059280661,https://www.facebook.com/hudsonlux365; https://instagram.com/hudsonlux365/,ok
velabrand.com,,,ok
awbrueggemann.com,,,failed
rhcapco.com,,,ok
bintiboutique.llc,,,ok
elegantdjservices.com,,,ok
fccherrick.org,,,ok
shiftflg.com,,,failed
coastaldefense.business.site,,,failed
itlogo.net,,,ok
southernuc.com,//1-912-898-2277; 8433574357; 8433574359; //1-843-357-4357; 9128982227; //1-912-898-2227; 9128982230,https://www.facebook.com/pages/category/Medical-Center/Southern-Urgent-Care-Murrells-Inlet-406197416153236/; https://www.instagram.com/accounts/login/?next=/southernuc31410/; https://www.facebook.com/SouthernUrgentCare,ok
prlassociates.net,6077858381; 6077858382,https://www.facebook.com/PRLAssociates,ok
sewardlostlakelodge.com,,,failed
cahabacreative.com,,,ok
eattacorepublic.com,,https://www.instagram.com/eattacorepublic/; https://www.facebook.com/TheTacoRepublic/?ref=pages_you_manage,ok
ehardts.com,,,failed
secondnaturedesignsmv.com,5086276594,https://www.facebook.com/SecondNatureDesignsMV/; https://www.instagram.com/secondnaturedesignsmv/?hl=en; https://www.linkedin.com/in/renee-clermont-5896095a,ok
skgfitness.training,,https://www.facebook.com/SKGFitnessTraining,ok
crazy.builders,,,failed
laurafoxreel.com,3102055812; 3102055896; 3102055811,,ok
littleredfarmhousegifts.net,,,failed
msconfinance.com,,https://www.facebook.com/ms.confinance/; https://www.instagram.com/ms.confinance,ok
reflexdelivery.com,,,failed
rollupdoorrepairnyc.com,9177911393,,ok
yoursbasource.com,,,ok
acifund.com,8182351444,,ok
capricommercialcapital.com,5037656960,,ok
cherrycreektributaries.com,,,failed
amplifiedconcepts.com,,https://www.instagram.com/amplifiedconcepts/; https://www.facebook.com/AmplifiedConcepts; https://www.linkedin.com/company/amplifiedconcepts,ok
marriagecounselingmemphis.com,,,failed
silverbaytech.com,,,ok
borderwarswrestling.com,7315588696,,ok
brentwood365.com,6185314000,https://facebook.com/search618,ok
bubsnola.com,,,ok
deliverance-ministry-new-york.com,,,failed
glovemitten.com,,,failed
loudandclaire.com,6174162641,https://www.facebook.com/loudandclaire/; https://www.facebook.com/loudandclaire,ok
myfocuspsych.com,,,failed
xpressbenefits.net,8327061739,,ok
crestonhousefl.com,800-587-2287; 8005872287,https://www.facebook.com/coastalrealtyandpropertymanagement; https://instagram.com/CoastalRealtyFL,ok
dreamlab.design,,,ok
karrgroupco.com,,,ok
paigeleblanc.com,,https://www.linkedin.com/in/paige-leblanc-4a87875b/,ok
quick9.io,,,ok
tefftfoundation.com,6034723557,,ok
winningham-iron-metal.business.site,,,failed
budgetmobilehometransport.com,+14053634330; 4058802041,https://www.facebook.com/p/Budget-Mobile-Home-Transport-100057698160037/,ok
fineartsbiz.com,,,ok
sammycarlosdelicatessencatering.net,,,ok
eventsbyabel.com,,,failed
aproa.org,,,ok
ftworthepoxyflooring.com,,,failed
gsiprint.com,2489600077,,ok
hellorichmond.net,,,failed
highbrow-beauty.com,6054314825,https://www.facebook.com/permanentmakeupbytasia,ok
kikimo.com,3108236817,https://instagram.com/kikimoinc/; https://www.facebook.com/kikimoinc/,ok
krambu.com,+18334572628; 8334572628,https://linkedin.com/company/krambu,ok
mhkeratin.com,,,ok
muhlbauerlab.com,5855865166,,ok
positivesideofgolf.com,,,ok
carolynlewismed.com,,,failed
dionisioducusin.com,,,failed
forsythvet.com,5855034498,,ok
hitsforhomeless.com,,,failed
innsofcourt.org,,,ok
oldtraditiontattoo.com,3233335394; +13233335394,https://www.instagram.com/crunchie.mee; https://www.instagram.com/jlb_tattoos/; https://www.instagram.com/frost_bot; https://instagram.com/oldtraditiontattoo; https://www.instagram.com/tylerkhanley; https://www.facebook.com/oldtraditiontattoo?ref=br_tf; https://www.instagram.com/teixeira_tattoos; https://www.instagram.com/JOSHCUSTOMART/,ok
phalanxgrpservices.org,7732911086,,ok
wadeloans.com,,,failed
dbdtravel.net,8663238728; 866-323-8728,https://www.facebook.com/DestinationsByDesign/; https://www.instagram.com/destinations_by_design/,ok
easystreetcookies.com,,https://il.linkedin.com/company/wix-com?trk=public_jobs_topcard_logo; https://www.facebook.com/wix; https://www.instagram.com/wix,ok
millarandsons.net,2672469773,https://www.instagram.com/millarandsons/?hl=en; https://www.linkedin.com/company/millar-and-sons-inc/; https://www.facebook.com/Millar-and-Sons-Inc-193085170723228/,ok
parklandhairclinic.info,,,failed
slrslingshotrentals.com,,,failed
atlanticsltd.com,,https://www.facebook.com/; https://www.instagram.com/,ok
gooddogsfarm.com,,,ok
singinglessonstemecula.com,3235731408,http://www.facebook.com/viviengainesvocalstudio,ok
ssmobile.store,,,ok
atlantanephrologyassociates.com,5156614932; 515.661.4932,https://www.facebook.com/htmlmarketing/; https://www.linkedin.com/in/justinrogers/,ok
brushsolutions.net,,https://www.facebook.com/brushsolutions,ok
change-points.com,,,ok
fkideas.com,,,ok
fortcollinsshowerdoor.com,9702179360,,ok
pinilishalpern.com,+19734011111; 9734011111,,ok
truelifetx.org,,,ok
17thstreetthaisushifl.com,,,ok
colonsource.com,,,ok
libertybaptist.org,4082745611; 1-408-274-5611,https://www.instagram.com/libertybaptistsj/; https://www.facebook.com/LBCSanJose,ok
sunnirey.shop,,,failed
cloudspeed24x7.com,,,failed
gambittechconsulting.com,,,failed
heather-brooks-painted-furniture.ueniweb.com,,https://www.facebook.com/share.php?u=https%3A//heather-brooks-painted-furniture.ueniweb.com&title=Heather%20Brooks%20Painted%20Furniture,ok
ilikeflatroofs.com,,,ok
juniorchefsofamerica.org,,https://www.facebook.com/juniorchefsoa; https://www.instagram.com/jcoarocks; http://instagram.com/juniorchefsofamerica,ok
kccashbuyer.com,8168047783,,ok
the-chimneymasters.com,8889695586; 832-990-9333,,ok
willowglenhomeandgarden.com,4082861400,http://www.facebook.com/willowglenhomeandgarden,ok
writingonboard.com,,,ok
jettbt.com,6783875715; 6783875717; 7706676178,https://www.facebook.com/JETTBusinessTechnology; https://www.linkedin.com/company/jett-business-technology?trk=top_nav_home,ok
medicalcoatings.org,,,ok
rightstudents.org,,,failed
sofloweb.com,5612902980,https://www.instagram.com/soflowebteam; https://www.facebook.com/soflowebteam; https://www.linkedin.com/company/sofloweb/,ok
topbricole.site,,,failed
bhmedicalsupplies.com,2015747005,,ok
carolynsnails.com,,,failed
citycanyons.com,,,failed
blazingstargrange.org,,http://www.facebook.com/wix,ok
cityofmountlaketerrace.com,425-407-3999; 4257769173; 425-670-8260; 4257761161; 425-776-9173; 4256708260; 4254073999; 425-776-1161,https://www.linkedin.com/company/18235017,ok
globalonefinancialsolutions.com,,,failed
handymanexpressservice.net,,,failed
kufflet.com,7322191604,https://www.instagram.com/kufflet/; https://www.facebook.com/kufflet,ok
msjudithsewins.com,7734300958,https://www.facebook.com/Fabuloushairandweavesalon; https://www.linkedin.com/in/judithmarie,ok
actioncomedyfilms.com,,,ok
balancedwellnessami.com,8455324167,https://www.instagram.com/balancedwellnessami/; https://www.facebook.com/BalancedWellnessAmi,ok
drcharlieharper.com,3108834472; (310) 883-4472,https://www.facebook.com/drcharlieharper/,ok
myparee.com,,,failed
toothfairycleaningservice.com,,,failed
amfaviation.com,9319801215,,ok
cenladerm.com,3189333376; 3189333377,https://www.facebook.com/CenLaDerm; https://www.instagram.com/CenLaDerm,ok
central-texas-mobile-notary-notary-public.business.site,,,failed
cryptobroaden.com,,,failed
european-deli.com,,,ok
redrhinomovers.com,,,failed
the-greenwich.com,5132211151,https://www.facebook.com/pages/The-Greenwich/132754124391,ok
thefeldenkraiscenter.com,7149298893; +17149298893,https://www.linkedin.com/in/lori-malkoff-md-mph-6512261a7/,ok
asuzus.com,,,failed
coltonfamilydental.com,9098247060,,ok
esihealthcaresolutions.com,2148264373,https://facebook.com; https://instagram.com,ok
jonfoxmusic.com,,,failed
campaigntostopgunviolence.org,,,ok
clarionstl.com,,,ok
earthrenovation.net,+13125209918; 3125209918,,ok
globaltrustbnk.com,,,failed
morenohillssda.org,9514854646,//instagram.com/morenohillssda; https://www.facebook.com/morenohillssdachurch,ok
romanolawpllc.com,2487500270; 2489362105,,ok
beaconhillrealtygroup.com,,,failed
bodegaunclick.com,,,failed
designsbydjflorist.com,3047362550,https://www.facebook.com/CustomDesignsbyDJackson/,ok
hunterdecuir24.com,,,failed
mytomisushi.com,3108238944,https://www.instagram.com/mytomisushi/?hl=en; https://www.facebook.com/Tomi-sushi-535509370252851/,ok
therealbcmg.com,,,failed
tvwelove.com,,,failed
earthagent.org,,,ok
epocheducation.com,5103387924,https://www.instagram.com/epocheducation/; https://www.facebook.com/EpochEducation; https://www.linkedin.com/company/epoch-education-inc/?,ok
familyintimacy.com,9807295240,,ok
mompopshop.com,,https://www.instagram.com/p/CE4ZQ11JPED/; https://www.instagram.com/p/CEsLS9xJ7pZ/; https://www.instagram.com/p/CFAv0EGpVR2/; https://www.instagram.com/p/CEo7JJfJF7_/; https://www.instagram.com/p/CEzTCZ6JvcW/; https://www.instagram.com/p/CE9xlu7JLDV/; https://www.instagram.com/momandpopshoptruck/; https://www.instagram.com/p/CEumEgKJAdh/; https://www.instagram.com/p/CExDvuFp1Sk/; https://www.facebook.com/momandpopshoptruck,ok
alibaba-kebab.com,7168002222; 7166083333; 7169191111,https://www.instagram.com/alibabakebabbuffalo/?hl=en; https://www.facebook.com/AlibabaKebab716,ok
villavieira.com,8188780300,,ok
blueridgechair.com,,https://www.instagram.com/blueridgechairworks/; https://www.facebook.com/pages/Blue-Ridge-Chair-Works/276930045675311,ok
dewingscenter.org,2317683519,https://www.facebook.com/share/1DNcbqxi7f/; https://www.facebook.com/DewingsCenter/,ok
htiyos.com,,,failed
keepsakeweddingphotography.com,,,failed
maryfrancespencer.com,,,failed
mjwm225.com,,,failed
quality-trucking.com,,,failed
truefablespottery.com,,,failed
unitedcloudtechnologies.com,,,ok
bettygb.com,,,ok
jbdecker.com,,,failed
royaltylandscapinganddesign.com,,,failed
torres-hvac.business.site,,,failed
gametableadventures.com,,,failed
gov.aiogoconsultingllc.com,,,ok
outervisionsdesign.com,9254621484,https://www.linkedin.com/pub/lynda-meikle/11/269/277; https://www.facebook.com/outervisionslandscapedesign,ok
strivelacrosseacademy.com,8563048673,https://www.instagram.com/strivelacrosseacademy/; https://www.instagram.com/strivelacrosseacademy/?hl=en,ok
analogique.com,+12129894240; 2129894240,//www.instagram.com/; //facebook.com/; //linkedin.com/,ok
carpetworkshopofohio.com,,,failed
maiaschmidt.com,,https://www.instagram.com/maiaschmidtviolin/,ok
theconservancyproject.org,,,failed
bellocasa.com,7329082232,,ok
castor-group.com,12036227300,,ok
down-southmoving.business.site,,,failed
reeleminbaitandtackle.com,7725811027,https://www.facebook.com/Reel-Em-In-Bait-Tackle-657340811058678/,ok
thedoorse.com,,,ok
abcbni.com,,,failed
annatietzhomes.com,,,failed
chevrv.com,,,failed
cousineauforestproducts.com,6034287839; 6034287155,https://www.facebook.com/Cousineaus-Forest-Products-162068540484123,ok
goldenscrollsoloists.com,8609495609,https://www.instagram.com/goldenscrollsoloists/?hl=en; https://www.facebook.com/GSSstrings/,ok
greenershinglessanantonio.com,,,failed
hillartistry.com,3609268426,//facebook.com/hillartistry; http://www.linkedin.com/pub/linda-hill/1b/734/849/http://www.linkedin.com/pub/linda-hill/1b/734/849/; http://www.facebook.com/hillartistry,ok
kcsweep.com,,,failed
magarc.org,,https://www.facebook.com/groups/497073537139477/; https://www.facebook.com/groups/497073537139477/files/files?__cft__%5b0%5d=AZWV6soAHUG-bCSjBVe3Hwd8gu11wEAPCJYp8sWP1gj9-wHx3Bw5QfyzI6ypjvRPQeBp5dRIRPSkt6Lt1Lj58SLM7ls8d1-IROK63Z6Xjfjd-p4lsYFL2PeTh0zfFnuw7rIeUNirRFyF33QcYW7NnqmoyKxrBgH3pDDmPeGF0hcSAHsQy3a5s15IG2PqCpkl246Dn6Sf1nwXdg1JpQSdA5cU&__tn__=-UK-R,ok
mazalai.com,5103096812,https://www.facebook.com/mazalaicorp/; https://www.linkedin.com/company/mazalai-corp/; https://www.instagram.com/mazalai_/,ok
michaelskuceradentistry.com,,,failed
pastashopfresh.com,5105471423,https://www.facebook.com/markethallfoods; https://www.instagram.com/markethallfoods,ok
rvcoc.org,,,ok
statelinekids.com,,,failed
caninereproductivecenter.com,,,failed
kokuanutrition.com,"8335630471; p (425)224-6470, f (833)563-0471; 4252246470",https://www.facebook.com/Shelby-Slenkamp-MS-RDN-CD-104966600868165/?ref=aymt_homepage_panel&eid=ARCMWWxltXCQuWS_9YoeGhtrDkGZLg0BO_ziJ0ZQBxJLmeYTlW0y7CtpKAQz9ZM0Rg7NBf8eFiy3wlH5; https://www.instagram.com/shelbyerin_rdn/,ok
defioptions.org,,,failed
mrsbecerra.com,,,failed
royalinvestmentgroupinc.com,6602383558,,ok
tangles-salon.com,5139252400; +19252400333; 9252400333,https://www.instagram.com/tangles_salon_brentwood; https://www.facebook.com/TanglesBrentwood,ok
teitelbaumco.com,2164709333; 2168969400,,ok
vividsalonmadison.com,,,ok
crazypokemiami.com,7864017542,https://www.facebook.com/crazypokemiami; https://www.instagram.com/crazypokemiami,ok
executivecarservicelax.com,8008781995; +18008781995,,ok
ubercigar.com.au,,https://www.instagram.com/ubercigar/; https://www.facebook.com/groups/680435820719649/,ok
vitalaehealingarts.com,,,failed
ambazoniafoundation.org,,,failed
cepstone-llc.com,,,ok
djs-general-service-llc.business.site,,,failed
graphicmontzter.com,,,failed
logicworks.cc,5612027477,,ok
nsea.org,18007420047; 4024752630; 8007420047; 4024757611,http://www.instagram.com/nsea_org; https://www.facebook.com/nsea.org,ok
rjssigns.com,,,ok
wheelrepairphoenix.com,6026882242,,ok
lorettola.org,,,failed
pdassociation.org,8479869350,https://www.linkedin.com/company/private-directors-association/; https://www.facebook.com/privatedirectorsassociation/,ok
spots.edu,,https://www.instagram.com/saintphotiosseminary/?hl=en/; https://www.facebook.com/saintphotiosseminary/,ok
centurywebdesign.net,,,failed
holehunterindustries.com,5555555555,https://facebook.com/HoleHunt1; http://instagram.com/; https://www.facebook.com/HoleHunt1; http://linkedin.com/company/holehunterindustriesllc,ok
transtekautosales.com,,,failed
avdtechnologies.com,+91 83487 58478; 3125985611; +1 312 598 5611,,ok
cifsds.org,8582928165; 858-292-8165,https://www.instagram.com/cifsds/; https://www.facebook.com/CIFSDS,ok
meroscience.org,5412310164,https://www.facebook.com/MEROScienceProgram/,ok
runlikeclockwork.com,,https://www.linkedin.com/in/adriennedorison/; https://www.instagram.com/rlclockwork/,ok
themasker.com,,,ok
ercc.biz,3046361391; +13046361391,https://www.linkedin.com/company/15579798/; https://www.facebook.com/ElkinsRehabilitationandCareCenter/,ok
floridaloansigning.com,,,ok
kathrynanndesigns.com,,https://facebook.com/Kathrynanndesignsfun; http://instagram.com/kathrynanndesigns,ok
lynnavo.com,,http://facebook.com/lynnavo; http://instagram.com/lynnavo,ok
mejina.net,,,ok
rollmanconyers.com,5139008858; 800-571-8062,,ok
csquarednetworks.com,,,failed
gallerycollage.com,,,failed
harvardpsc.com,,,ok
osalra.com,,,failed
qualifiedportablegarages.com,,,failed
enigomusic.com,,https://www.facebook.com/enigomusic/; https://www.instagram.com/enigomusic/,ok
harlongroup.com,,,ok
marketing-page-lindsey.vercel.app,,,ok
reelsafarischarters.com,,,failed
rpuma.org,3865460426; 3864679113,,ok
theceosalon.com,,https://www.facebook.com/theCEOsalon/; https://www.instagram.com/theceosalon/,ok
whitwell-accounting-llc.business.site,,,failed
bellevueisd.org,,,failed
denhamsflorist.com,,,failed
groundswellglobalresearch.org,9494122247,http://linkedin.com/in/claywestrope,ok
h-glogistics.com,,,failed
mtcdz.net,,,failed
mtzionbaptistrentz.com,,https://www.facebook.com/mtzion.baptistchurch.10/,ok
myzerly.com,,https://www.linkedin.com/pub/nic-edwards/36/a77/7a5/,ok
yroox.com,,,failed
evadoyle.com,,,failed
liveatmontclairapt.com,(844) 599-1596; 8445991596,https://www.facebook.com/TheMichaelsOrg,ok
montereypeninsulaelderlyhome.com,,,failed
ogawadesign.com,7862201295,https://www.facebook.com/pages/Ogawa-Design-Agency/169976023547,ok
allyourblogging.com,,,failed
drariatirakic.com,,,failed
harperfinancialassociates.com,3002121866; 7814352000; (781)%20435-2000,,ok
lonepeakdoodles.com,8583148332,,ok
schoi.mit.edu,,,ok
coralgablesrealestatefl.com,,,ok
studentvetinsurance.com,3608520914,https://www.linkedin.com/company/wix-com; https://www.facebook.com/wix,ok
totalseal.com,,https://www.instagram.com/total.seal/; https://www.facebook.com/totalseal.pistonrings/,ok
vghgroup.org,,,failed
aiesteam.org,,https://www.instagram.com/aiesteam/; https://www.facebook.com/aiesteam/; https://www.instagram.com/p/B-NRvYQD2xI/; https://www.instagram.com/p/B-r_CJ9Dfw0/; https://www.linkedin.com/company/aiesteam/; https://www.instagram.com/p/B-XZlmsDChi/; https://www.instagram.com/p/B-Z9QnAjbg2/,ok
beckynadesan.com,2062320368; 2069721113,,ok
coricarl.com,,,failed
fivestaracsd.com,+16193151978; 6193151978,,ok
returndeals.net,6122073540; (612) 207-3540,,ok
banconex.com,,,failed
energy-health-oriental-massage.business.site,,,failed
jerkkingsnj.com,,,failed
kingfisherseo.com,,,failed
hoodriverclothing.com,,,failed
satyasilence.com,,,failed
slushpoolglobal.com,,,failed
trbism.com,,,failed
informatichiamoci.it,,,failed
mghomeremodelling.info,,,failed
mysavagenails.love,,,failed
smallislandent.com,,,failed
winecheeseandfivemoreminutes.com,,,ok
frenchlakeautoparts.com,3202748497; 320-274-8497,https://instagram.com/accounts/login/?next=%2Ffrenchlakeautoparts%2F; https://facebook.com/FrenchLakeAutoParts,ok
imageworksdirect.com,6086624112; 8007771663,https://www.instagram.com/imageworksdirect/; https://www.facebook.com/imageworksdirect; https://www.linkedin.com/company/image-works-direct,ok
matthaynes.uk,,,ok
montcapitalpartners.com,,,failed
valleymedicalinstitute.com,8008868773; 203.378.2210; 2033782210; 800.886.8773,,ok
downeygroupllc.com,,,ok
ravenshire-llc.com,,,ok
academyofamazement.com,,,ok
amlimdrmarina.com,3107756760,,ok
focusmedicalbillingservices.com,,,failed
hueboost.com,,https://www.instagram.com/hue_boost/; https://www.facebook.com/Hue-Boost-LLC-107173007758428,ok
sgdesignshouston.com,,https://www.instagram.com/sgdesignshouston/; https://www.facebook.com/Sg-designs-houston-106312109929866/,ok
108production.com,,https://www.linkedin.com/company/108-production; https://www.facebook.com/108Production/,ok
creativehealthplans.com,,,failed
fitcivic.com,,,failed
penchiroclinic.com,,,failed
rmiflooring.com,2068094358; 7206683715; 3216932430; 9196319978; 7252339219; 833-641-4912; 9804069772; 7866795407; 6822389033; 4807980312; 8336414912; 8139247197; 7707124304,https://www.facebook.com/RMInteriorsFlooring; https://www.linkedin.com/company/rm-interiors-&-design-inc; https://www.instagram.com/rmiflooring/,ok
smv-inc.com,,,failed
stevensfamilyfarm.webs.com,,,failed
arbca.com,8178080684,https://www.instagram.com/cba1689; https://www.facebook.com/cba1689,ok
divinemomentsdaycare.com,,,failed
ncca-inc.com,,,ok
thebentleyparkcommunityassociation.org,,,ok
whaleygfx.com,,,failed
ccspatherapies.com,8582091682; 6192086026,,ok
fine-art-construction.business.site,,,failed
lesliehaywood-moore.online,2704422215,https://www.linkedin.com/shareArticle?mini=true&url=http%3A%2F%2Flesliehaywood-moore.onlinehttp%3A%2F%2Flesliehaywood-moore.online%2Flistings%2Fgorgeous-updated-brick-home-mid-town-paducah%2F&title=SOLD%21+%26%238211%3B+Gorgeous+and+updated+brick+home+in+Mid-Town+Paducah%21; https://www.facebook.com/share.php?u=http%3A%2F%2Flesliehaywood-moore.onlinehttp%3A%2F%2Flesliehaywood-moore.online%2Flistings%2Ftraditional-meets-exquisite-upgrades-and-custom-amenities%2F&title=JUST+SOLD%21+WEST+END+TREASURED+HOME+AVAILABLE+NOW; https://www.linkedin.com/shareArticle?mini=true&url=http%3A%2F%2Flesliehaywood-moore.onlinehttp%3A%2F%2Flesliehaywood-moore.online%2Fwhat-makes-a-great-long-term-rental-property-a-checklist-for-smart-investors%2F&title=What+Makes+a+Great+Long-Term+Rental+Property%3F+A+Checklist+for+Smart+Investors; https://www.linkedin.com/shareArticle?mini=true&url=http%3A%2F%2Flesliehaywood-moore.onlinehttp%3A%2F%2Flesliehaywood-moore.online%2Flistings%2Fjust-sold-west-paducah-ky-fabulous-home%2F&title=JUST+SOLD%21++West+Paducah%2C+KY+Fabulous+Home; https://www.linkedin.com/shareArticle?mini=true&url=http%3A%2F%2Flesliehaywood-moore.onlinehttp%3A%2F%2Flesliehaywood-moore.online%2Flistings%2Fconnection-land-lifestyle-328-trevathan-road-martin-tn%2F&title=SOLD%21+A+Connection+to+the+Land+and+a+Lifestyle-+328+Trevathan+Road%2C+Martin%2C+TN; https://www.facebook.com/share.php?u=http%3A%2F%2Flesliehaywood-moore.onlinehttp%3A%2F%2Flesliehaywood-moore.online%2Flistings%2Fconnection-land-lifestyle-328-trevathan-road-martin-tn%2F&title=SOLD%21+A+Connection+to+the+Land+and+a+Lifestyle-+328+Trevathan+Road%2C+Martin%2C+TN; https://www.facebook.com/share.php?u=http%3A%2F%2Flesliehaywood-moore.onlinehttp%3A%2F%2Flesliehaywood-moore.online%2F2026-housing-market-forecast-will-the-market-find-its-footing%2F&title=2026+Housing+Market+Forecast%3A+Will+the+Market+Find+Its+Footing%3F; https://www.linkedin.com/shareArticle?mini=true&url=http%3A%2F%2Flesliehaywood-moore.onlinehttp%3A%2F%2Flesliehaywood-moore.online%2Fcan-you-really-trust-online-home-estimates%2F&title=Can+You+Really+Trust+Online+Home+Estimates%3F; https://www.linkedin.com/shareArticle?mini=true&url=http%3A%2F%2Flesliehaywood-moore.onlinehttp%3A%2F%2Flesliehaywood-moore.online%2Fhow-to-spot-real-estate-scams-and-protect-your-investment%2F&title=How+to+Spot+Real+Estate+Scams+%28and+Protect+Your+Investment%29; https://www.facebook.com/share.php?u=http%3A%2F%2Flesliehaywood-moore.onlinehttp%3A%2F%2Flesliehaywood-moore.online%2Freal-estate-market-update-what-mid-year-indicators-mean-for-your-next-move%2F&title=Real+Estate+Market+Update%3A+What+Mid-Year+Indicators+Mean+for+Your+Next+Move; https://www.linkedin.com/shareArticle?mini=true&url=http%3A%2F%2Flesliehaywood-moore.onlinehttp%3A%2F%2Flesliehaywood-moore.online%2Flistings%2Fmarket-now-updates-opportunity-5136-valley-view-dr-paducah-ky%2F&title=SOLD%21++Updates+and+Opportunity%21+5136+Valley+View+Dr%2C+Paducah%2C+KY; https://www.facebook.com/share.php?u=http%3A%2F%2Flesliehaywood-moore.onlinehttp%3A%2F%2Flesliehaywood-moore.online%2Flistings%2Famazing-options-522-n-8th-st-paducah-ky-lower-town-location%2F&title=SOLD%21+Amazing+Options%21++522+N+8th+St%2C+Paducah%2C+KY+%26%238211%3B+Lower+Town+Location; https://www.instagram.com/moorerealestateco; https://www.facebook.com/share.php?u=http%3A%2F%2Flesliehaywood-moore.onlinehttp%3A%2F%2Flesliehaywood-moore.online%2Flistings%2Fjust-sold-west-paducah-ky-fabulous-home%2F&title=JUST+SOLD%21++West+Paducah%2C+KY+Fabulous+Home; https://www.facebook.com/share.php?u=http%3A%2F%2Flesliehaywood-moore.onlinehttp%3A%2F%2Flesliehaywood-moore.online%2Flistings%2Fsold-gem-home%2F&title=SOLD%21+++A+Gem+of+a+Home%21; https://www.facebook.com/share.php?u=http%3A%2F%2Flesliehaywood-moore.onlinehttp%3A%2F%2Flesliehaywood-moore.online%2Fselling-your-home-in-2025-heres-what-buyers-want-and-how-to-deliver%2F&title=Selling+Your+Home+In+2025%3F+Here%26%238217%3Bs+What+Buyers+Want+%28And+How+To+Deliver%29; https://www.linkedin.com/shareArticle?mini=true&url=http%3A%2F%2Flesliehaywood-moore.onlinehttp%3A%2F%2Flesliehaywood-moore.online%2Fcan-you-really-trust-online-home-valuations%2F&title=Can+You+Really+Trust+Online+Home+Valuations%3F; https://www.linkedin.com/shareArticle?mini=true&url=http%3A%2F%2Flesliehaywood-moore.onlinehttp%3A%2F%2Flesliehaywood-moore.online%2Flistings%2Fsold-gem-home%2F&title=SOLD%21+++A+Gem+of+a+Home%21; https://www.facebook.com/share.php?u=http%3A%2F%2Flesliehaywood-moore.onlinehttp%3A%2F%2Flesliehaywood-moore.online%2Fready-to-buy-or-sell-a-home-here-are-5-key-factors-in-choosing-the-right-agent%2F&title=Ready+to+Buy+or+Sell+a+Home%3F+Here+Are+5+Key+Factors+in+Choosing+the+Right+Agent; https://www.linkedin.com/shareArticle?mini=true&url=http%3A%2F%2Flesliehaywood-moore.onlinehttp%3A%2F%2Flesliehaywood-moore.online%2Flistings%2Fduplex-opportunity-2-bedrm-2-bth-side-lone-oak%2F&title=SOLD%21+%26%238211%3B+Duplex+Opportunity%21+2+bedrm+2+bth+each+side%21++Lone+Oak; https://www.facebook.com/share.php?u=http%3A%2F%2Flesliehaywood-moore.onlinehttp%3A%2F%2Flesliehaywood-moore.online%2Flistings%2Fmarket-now-updates-opportunity-5136-valley-view-dr-paducah-ky%2F&title=SOLD%21++Updates+and+Opportunity%21+5136+Valley+View+Dr%2C+Paducah%2C+KY; https://www.linkedin.com/shareArticle?mini=true&url=http%3A%2F%2Flesliehaywood-moore.onlinehttp%3A%2F%2Flesliehaywood-moore.online%2F10-hidden-home-maintenance-tasks-that-could-save-you-thousands%2F&title=10+Hidden+Home+Maintenance+Tasks+That+Could+Save+You+Thousands; https://www.facebook.com/share.php?u=http%3A%2F%2Flesliehaywood-moore.onlinehttp%3A%2F%2Flesliehaywood-moore.online%2Fwhat-makes-a-great-long-term-rental-property-a-checklist-for-smart-investors%2F&title=What+Makes+a+Great+Long-Term+Rental+Property%3F+A+Checklist+for+Smart+Investors; https://www.facebook.com/share.php?u=http%3A%2F%2Flesliehaywood-moore.onlinehttp%3A%2F%2Flesliehaywood-moore.online%2Flistings%2Fduplex-opportunity-2-bedrm-2-bth-side-lone-oak%2F&title=SOLD%21+%26%238211%3B+Duplex+Opportunity%21+2+bedrm+2+bth+each+side%21++Lone+Oak; https://www.linkedin.com/shareArticle?mini=true&url=http%3A%2F%2Flesliehaywood-moore.onlinehttp%3A%2F%2Flesliehaywood-moore.online%2Fplanning-your-2026-real-estate-moves-a-guide-to-the-best-buying-and-selling-seasons%2F&title=Planning+Your+2026+Real+Estate+Moves%3A+A+Guide+to+the+Best+Buying+and+Selling+Seasons; https://www.linkedin.com/shareArticle?mini=true&url=http%3A%2F%2Flesliehaywood-moore.onlinehttp%3A%2F%2Flesliehaywood-moore.online%2Flistings%2F1158%2F&title=SOLD%21++Tranquil+3+bedroom%2C+2+bath+West+End+Retreat+Ready+for+Your+Move%21; https://www.linkedin.com/shareArticle?mini=true&url=http%3A%2F%2Flesliehaywood-moore.onlinehttp%3A%2F%2Flesliehaywood-moore.online%2F2026-housing-market-forecast-will-the-market-find-its-footing%2F&title=2026+Housing+Market+Forecast%3A+Will+the+Market+Find+Its+Footing%3F; https://www.facebook.com/share.php?u=http%3A%2F%2Flesliehaywood-moore.onlinehttp%3A%2F%2Flesliehaywood-moore.online%2Flistings%2F1158%2F&title=SOLD%21++Tranquil+3+bedroom%2C+2+bath+West+End+Retreat+Ready+for+Your+Move%21; https://www.linkedin.com/shareArticle?mini=true&url=http%3A%2F%2Flesliehaywood-moore.onlinehttp%3A%2F%2Flesliehaywood-moore.online%2Freal-estate-market-update-what-mid-year-indicators-mean-for-your-next-move%2F&title=Real+Estate+Market+Update%3A+What+Mid-Year+Indicators+Mean+for+Your+Next+Move; https://www.facebook.com/share.php?u=http%3A%2F%2Flesliehaywood-moore.onlinehttp%3A%2F%2Flesliehaywood-moore.online%2Fplanning-your-2026-real-estate-moves-a-guide-to-the-best-buying-and-selling-seasons%2F&title=Planning+Your+2026+Real+Estate+Moves%3A+A+Guide+to+the+Best+Buying+and+Selling+Seasons; https://www.facebook.com/1564795010418671; https://www.linkedin.com/shareArticle?mini=true&url=http%3A%2F%2Flesliehaywood-moore.onlinehttp%3A%2F%2Flesliehaywood-moore.online%2Flistings%2Famazing-options-522-n-8th-st-paducah-ky-lower-town-location%2F&title=SOLD%21+Amazing+Options%21++522+N+8th+St%2C+Paducah%2C+KY+%26%238211%3B+Lower+Town+Location; https://www.linkedin.com/shareArticle?mini=true&url=http%3A%2F%2Flesliehaywood-moore.onlinehttp%3A%2F%2Flesliehaywood-moore.online%2Flistings%2Ftraditional-meets-exquisite-upgrades-and-custom-amenities%2F&title=JUST+SOLD%21+WEST+END+TREASURED+HOME+AVAILABLE+NOW; https://www.linkedin.com/shareArticle?mini=true&url=http%3A%2F%2Flesliehaywood-moore.onlinehttp%3A%2F%2Flesliehaywood-moore.online%2Fready-to-buy-or-sell-a-home-here-are-5-key-factors-in-choosing-the-right-agent%2F&title=Ready+to+Buy+or+Sell+a+Home%3F+Here+Are+5+Key+Factors+in+Choosing+the+Right+Agent; https://www.facebook.com/share.php?u=http%3A%2F%2Flesliehaywood-moore.onlinehttp%3A%2F%2Flesliehaywood-moore.online%2F10-hidden-home-maintenance-tasks-that-could-save-you-thousands%2F&title=10+Hidden+Home+Maintenance+Tasks+That+Could+Save+You+Thousands; https://www.linkedin.com/shareArticle?mini=true&url=http%3A%2F%2Flesliehaywood-moore.onlinehttp%3A%2F%2Flesliehaywood-moore.online%2Fselling-your-home-in-2025-heres-what-buyers-want-and-how-to-deliver%2F&title=Selling+Your+Home+In+2025%3F+Here%26%238217%3Bs+What+Buyers+Want+%28And+How+To+Deliver%29; https://www.facebook.com/share.php?u=http%3A%2F%2Flesliehaywood-moore.onlinehttp%3A%2F%2Flesliehaywood-moore.online%2Fhow-to-spot-real-estate-scams-and-protect-your-investment%2F&title=How+to+Spot+Real+Estate+Scams+%28and+Protect+Your+Investment%29; https://www.facebook.com/share.php?u=http%3A%2F%2Flesliehaywood-moore.onlinehttp%3A%2F%2Flesliehaywood-moore.online%2Flistings%2Fgorgeous-updated-brick-home-mid-town-paducah%2F&title=SOLD%21+%26%238211%3B+Gorgeous+and+updated+brick+home+in+Mid-Town+Paducah%21; https://www.facebook.com/share.php?u=http%3A%2F%2Flesliehaywood-moore.onlinehttp%3A%2F%2Flesliehaywood-moore.online%2Fcan-you-really-trust-online-home-estimates%2F&title=Can+You+Really+Trust+Online+Home+Estimates%3F; https://www.facebook.com/share.php?u=http%3A%2F%2Flesliehaywood-moore.onlinehttp%3A%2F%2Flesliehaywood-moore.online%2Fcan-you-really-trust-online-home-valuations%2F&title=Can+You+Really+Trust+Online+Home+Valuations%3F,ok
mrdurant.weebly.com,,,ok
neptune-society.com,,,failed
beehivebargains.com,8607887886,https://www.instagram.com/beehive_bargains; https://www.facebook.com/BeehiveBargains,ok
cheftea.com,5406599687,,ok
gabeyandell.com,,,ok
hericonstructionllc.com,0000000000; 6316031898,,ok
oddwomannailsandmore.com,,,failed
northwest-georgia-regional-commission.business.site,,,failed
thej3group.com,,,ok
hotlink2019.com,,,failed
brian-hollenbeck.com,,,ok
internationalmediasupply.com,,,failed
jackjewelryinc.com,,,ok
pacificelectric.biz,,,ok
skylinevisioncare.com,4029335018; 402.446.4600; 4024464600,https://www.instagram.com/skylinevisioncare/; https://www.facebook.com/skylinevision/,ok
timhalberg.com,,,ok
maido-shimizuya.com,,,ok
ancientcityappraisals.com,,,failed
bzzster.com,,https://www.facebook.com/shareaholic,ok
caring-hands-seniorsolutionsgroupinc.business.site,,,failed
cdl-express.com,,,ok
hearthstoneproperty.com,,,ok
kourco.com,8882699114; 3372698852,,ok
ortsac.com,,,ok
pioneerpropertydevelopment.com,470-925-9733,https://www.facebook.com/pioneerpropertydevelopment,ok
toptok.info,,,failed
batesdds.com,5092766996,https://www.facebook.com/RyanLBatesDDS,ok
peakdds.com,,,failed
stickerdreams.com,,https://www.facebook.com/stickerdream/; https://www.instagram.com/stickerdreams/,ok
webranium.co.uk,,,failed
wwnboa.org,3864466525,,ok
americanguardrailsupply.com,,,ok
dablawoffice.com,9788409032; 9788400001,,ok
fedorovfilms.com,,,failed
charleygasparlandscapingllc.com,,,ok
masterguyscardetail.com,,,failed
post32nc.org,,,failed
coloradolivingblog.com,,,failed
concordncwildliferemoval.com,9802454343,,ok
ihostnewyork.com,2128889494,https://www.facebook.com/pages/iHostNewYork/692220950894801; http://instagram.com/ihostnewyork/,ok
jmbusinesspartners.com,,,ok
sapphiresleepovers.squarespace.com,,https://www.instagram.com/sapphiresleepovers/; https://www.facebook.com/SapphireSleepovers/?ref=aymt_homepage_panel&eid=ARCfE7L3cyhKmxACuvTWM4H5jiUiIMQPkEt0PtaS-b7hqS2wE66fVGx9U6ef_U4yU__lW534BEjkqZ9J,ok
yokohamayakitorikoubou.com,8582778822,https://www.instagram.com/yokohama_yakitori_koubou/; https://www.facebook.com/YokohamaYakitoriKoubou,ok
briggsmobiledetailing.com,,,failed
kairios.com,,,ok
lemongrassmichigan.com,,,failed
pawsinmotionla.com,,,ok
uniqueservices.us,,,failed
curtistaylorart.com,,https://www.linkedin.com/in/curtistaylorart/; https://www.instagram.com/curtistaylorart/,ok
directtransportsys.com,5168522709,,ok
finishingtouch.contractors,,,ok
independenthotelmarketinggroup.com,5189610275,https://www.linkedin.com/company/4984906/; https://www.facebook.com/IndependentHotelMarketing/,ok
sandiegorealestatejobs.net,,,failed
belanshion.com,,,failed
healthtrustpg.com,,,failed
hillcreststoragetn.com,(931) 397-1809; (931)%20864-7867; 9313971809; 9318647867,,ok
lloydfeinberg.com,9543282858; 9549817979; +1-954.328.2858; +1-954.981.7979,https://www.instagram.com/lloydfeinberg; https://www.linkedin.com/in/lloyd-feinberg-35b3a18; https://www.facebook.com/lloydfeinbergrealtor,ok
tiffin24.com,,,ok
advancedbiblicalstudies.net,,,ok
aesgoldmine.com,,,failed
alldolledupspabus.com,,https://www.instagram.com/lazada_id/; https://www.facebook.com/LazadaIndonesia; https://www.linkedin.com/company/lazada/,ok
amairportparking.com,4083525953; (408) 352-5953,,ok
cstyled.com,303-522-8659; 3035228659,https://www.facebook.com/cooperstyled/; http://instagram.com/denverhaberdasher,ok
intlselfstorage.com,9104852428; 9106658737,,ok
marinavillageharbor.com,,,failed
nynjelevator.com,8885693042,https://www.linkedin.com/company/ny-nj-elevator-co; https://www.facebook.com/NYNJElevatorCo/,ok
gamepcfull.com,,,ok
impaxinc.com,7178456446; 7178468004,,ok
nachonomics.com,,https://www.facebook.com/Nachonomics; https://www.facebook.com/NachoNewsNetwork/; http://www.facebook.com/nachonomics,ok
romangalloway.com,,,failed
safetychain.com,,,ok
flatpondpublishing.com,,,failed
fsb-int.com,6143542919,,ok
hallmemphis.org,,,ok
howellci.com,8022796093,,ok
kalamazoomijobs.com,,,failed
lammrubenstone.com,,,ok
mygentxt.org,,https://www.facebook.com/home.php#!/pages/GentXt/126974930683972,ok
mingchienliang.com,,http://www.facebook.com/,ok
mlfcare.org,6267656119; 6262819820,https://www.facebook.com/MorningLightFoundation/,ok
mq3labs.com,,http://www.facebook.com/citrix; http://instagram.com/citrix/,ok
nymphyacht.com,,,failed
oneononesc.com,8645763733; +18645763733,https://www.facebook.com/oneononefitnessllc; https://www.instagram.com/mrresultz/?hl=en,ok
pattikavanagh.massagetherapy.com,7167992878; 716-799-2878,,ok
pearlandcounseling.com,,,failed
simplythaidining.com,5107931698,,ok
alphaquorumstore.com,,,failed
baxland.com,,,failed
befeni-usa.com,,,failed
chugiak.org,,,failed
hangtownkc.org,5306226909,,ok
myrtlebeach.city,,,ok
wordofgodokc.com,4052865303,http://www.facebook.com/wordofgodchurchokc; https://instagram.com/wordofgodokc,ok
bigdiamondpools.com,+17132429033; 7132429033,https://www.facebook.com/profile.php?id=100054351198418,ok
brynbachman.com,,https://www.linkedin.com/in/bryn-bachman-4a5364278/,ok
bytheseat.com,,,failed
gentleconfections.com,,https://www.instagram.com/gentleconfections/; https://www.facebook.com/GentleConfections,ok
hairdesigners-hairsalon.business.site,,,failed
poocheshouseboutique.com,,,failed
thermproutah.com,8012686958,,ok
yttangsoodo.com,,,failed
barbaranichols.org,4085503315,,ok
big-dog-boarding.business.site,,,failed
kiddnap.com,+66842712233; 084 271 2233,https://www.facebook.com/KiddNap.MintTower,ok
kiplearningandactivitycenter.com,,,failed
thecheapghostwriter.com,,,failed
blacknewengland.org,,,ok
drfconaway.com,,,ok
flash-wingo.com,,,failed
getrazuzz.com,,,failed
oneforallartists.com,4845028751,,ok
sanctuaryfarmphila.org,2677030194,https://www.facebook.com/SanctuaryFarmPhila/; https://www.instagram.com/sanctuaryfarmphila/,ok
crabhouse39.com,415.651.2574; 4156512574,https://www.instagram.com/crabhouse39/?ref=badge; https://www.facebook.com/crabhouseatpier39,ok
latinoyouthoutreach.org,,https://www.linkedin.com/in/joseph-paniagua-a67034268; https://www.facebook.com/profile.php?id=100084752890001&mibextid=ZbWKwL; https://www.instagram.com/latinoyouthoutreach?igshid=NmE0MzVhZDY=,ok
reignvolleyball.com,3527420080; 5615930602,https://www.instagram.com/p/DGJNC7qScY2/; https://www.instagram.com/reel/DE0IdhnSrvo/; https://www.instagram.com/p/DGTN9axyBme/; https://www.instagram.com/p/DIPC2JHyHzp/; https://facebook.com/reignvolleyballclub; https://www.instagram.com/reel/DE3A30NyuUd/; https://www.instagram.com/p/DEpoP2lyr3Q/; https://www.instagram.com/p/DGGmCdaS8O7/; https://www.instagram.com/p/DHbvdyZSbsg/; https://www.instagram.com/p/DHHQl9-SG0Z/; https://www.instagram.com/p/DF8ibuKSZGk/; https://www.instagram.com/reel/DHqiHqEyJO5/; https://www.instagram.com/p/DFtT3hKyEX3/; https://www.instagram.com/p/DF-tcn8uK9t/; https://www.instagram.com/p/DIy-uwksCN6/; https://www.instagram.com/p/DGQy8T0S2ph/; https://www.instagram.com/p/DFBlwdMyRyG/; https://www.instagram.com/p/DFVrsnRywPl/; https://www.instagram.com/p/DFD7BLJSzn-/; https://www.instagram.com/reel/DIZIdn1y27j/; https://www.instagram.com/p/DIRSEjoS2eM/; https://www.instagram.com/p/DIBy7kjMpEl/; https://www.instagram.com/p/DFqZPKtyZy7/; https://www.instagram.com/p/DEDO-nsySXn/; https://www.instagram.com/p/DJR8W2QSPtb/; https://www.instagram.com/p/DFLdeMeShIq/; https://www.instagram.com/p/DI69nfdSDBg/; https://www.instagram.com/p/DG3NFROyrBV/; https://www.instagram.com/p/DIl5VbksDMi/; https://www.instagram.com/p/DE2xzrtylJQ/; https://www.instagram.com/p/DJCf8JrSK2j/; https://www.instagram.com/p/DE8ApqDyI0m/; https://www.instagram.com/p/DGV75cXyElK/; https://www.instagram.com/p/DH9zUumuBEw/; https://www.instagram.com/p/DGL0EJkyXhp/; https://www.instagram.com/p/DI1SViiSlJd/; https://www.instagram.com/p/DFIwHOHyWh-/; https://www.instagram.com/p/DHYq2UpyAlK/; https://www.instagram.com/p/DIutoEFv_Pm/; https://www.instagram.com/p/DIcQ6A3y9zE/; https://www.linkedin.com/company/reign-volleyball/; https://www.instagram.com/p/DD7laD6SRlg/; https://www.instagram.com/p/DE0Dbt3yuwB/; https://www.instagram.com/p/DG1NVd6yaQy/; https://www.instagram.com/p/DGDoBqlS4iO/; https://www.instagram.com/p/DFYXKwVy9NL/; https://www.instagram.com/reel/DESfjGeRCWV/; https://www.instagram.com/p/DFF8WO_SlNw/; https://www.instagram.com/p/DIMGJEbJ4vD/; https://www.instagram.com/p/DHtO69bMEGC/; https://www.instagram.com/p/DG6p7s3SUHW/; https://www.instagram.com/p/DFOBZi9S1UA/; https://www.instagram.com/p/DHJLuBKsfsN/; https://www.instagram.com/p/DGOJgQ3SybT/; https://www.instagram.com/reel/DH2Rah2Mypf/; https://www.instagram.com/p/DGBLz93SFtZ/; https://www.instagram.com/p/DEx0ow5yYGO/; https://www.instagram.com/p/DHWx4znSS1R/; https://www.instagram.com/p/DFxuvvesKLk/; https://www.instagram.com/p/DJE9Cb_SJov/; https://www.instagram.com/p/DHTvfd0y5Jn/; https://www.instagram.com/p/DIxETrtyHEw/; https://www.instagram.com/reel/DEN6pGMyine/; https://www.instagram.com/p/DEiKe0xyUlB/; http://instagram.com/; https://www.instagram.com/p/DGd-m2mSeWw/; https://www.instagram.com/p/DGlLf5pyH9f/; https://instagram.com/reign_vb/?hl=en; https://www.instagram.com/p/DEvIvcIyYbe/; https://facebook.com/; https://www.instagram.com/p/DH38MPyy27Z/; https://www.instagram.com/p/DGi75_7SJto/; https://www.instagram.com/p/DI4A0qTykss/; https://www.instagram.com/p/DHByBRly4pb/; https://www.instagram.com/p/DGgWeSgyXTx/; https://www.instagram.com/p/DIJyXzOsPp6/; https://www.instagram.com/reel/DEBzoUeOf9Y/; https://www.instagram.com/p/DIhEFh_xxHM/; https://www.instagram.com/p/DFdTlfBxxZF/; https://www.instagram.com/p/DHLvYJYOctz/; https://www.instagram.com/p/DHEFlmNSvpA/; https://www.instagram.com/p/DG_jH9VyCQH/; https://www.instagram.com/p/DHv-gzYMdai/; https://www.instagram.com/p/DEf3L1byXPF/; https://www.instagram.com/p/DEVAqq4SnL1/; https://www.instagram.com/p/DHokFEkyyr2/; https://www.instagram.com/p/DGoFkmeygA6/; https://www.instagram.com/p/DIrGxF8MxBR/; https://www.instagram.com/p/DHduqB3yyRl/; https://www.instagram.com/p/DEIgzYCRGwe/; https://www.instagram.com/p/DFSy9-IMBfO/; https://www.instagram.com/p/DH_SEWsMhdT/; https://www.instagram.com/p/DG9n3SUM_bn/; https://www.instagram.com/p/DEN1KslSTvT/; https://www.instagram.com/p/DH6Lcujyj_Y/; https://www.instagram.com/p/DHquKn1SOFB/; https://www.instagram.com/p/DEFcJTtR2yw/; https://www.instagram.com/p/DHy8y7dSfvk/; https://www.instagram.com/p/DEKtfMHR77i/; https://www.instagram.com/p/DFgwSuLMeYK/; https://www.instagram.com/p/DGyk7b1S_IW/; https://www.instagram.com/p/DE5AcwzSLCV/; https://www.instagram.com/p/DIEHyvds7Pf/; https://www.instagram.com/p/DJH6AfBv4hy/; https://www.instagram.com/p/DEnS5CyS8mK/,ok
wibidata.com,,,failed
diecutstickers.com,2068163421,https://www.instagram.com/diecutstickersdotcom/; https://www.facebook.com/diecutstickers,ok
mbcollegeguidance.com,3152436658; (315) 243-6658,,ok
thecollectiveeffect.org,,,ok
dentaltalentnow.com,,,ok
edgeinsurance.biz,,,failed
awlsnap.com,,http://www.instagram.com/awlsnap; https://www.facebook.com/awlsnap,ok
bgkinvestments.com,8184459921; 8883353139; 8884149111,http://www.linkedin.com/profile/view?id=16738601&authType=NAME_SEARCH&authToken=KLWQ&locale=en_US&srchid=1506777211381769734055&srchindex=2&srchtotal=3&trk=vsrp_people_res_name&trkInfo=VSRPsearchId%3A1506777211381769734055%2CVSRPtargetId%3A16738601%2CVSRPcmpt%3Aprimary; https://www.facebook.com/ben.keisari.9,ok
haciendailusionpr.com,,,failed
hawaii432.com,,,failed
usconstructgroup.com,,,ok
wheeinc.com,,,ok
dafacargo.com,,,ok
mahoganyvacations.com,,https://facebook.com/mahoganyvacations1/; https://instagram.com/mahogany_vacations/,ok
stangerfabllc.com,,http://www.facebook.com/stangerfabllc; http://instagram.com/stangerfabllc,ok
troychurch.net,,,failed
anthonymarlowe.com,,,failed
avonnylocksmith.com,5852991038,,ok
exaintelligence.com,4148408800,,ok
mannexcavating.com,7077994711,,ok
miqrotech.com,8322696639,https://www.linkedin.com/jobs/search/?f_C=10604931&geoId=92000000,ok
morrisholmes.com,6305251350,,ok
rfacapitalcorp.com,9143934509,https://www.instagram.com/p/Cr38miVvfe-/; https://www.instagram.com/p/CqXCk28MBcY/; https://www.instagram.com/p/CqXCr70sg1C/; https://www.instagram.com/p/CqXCdBhMC3u/; https://www.instagram.com/rfacapital/; https://www.instagram.com/p/CqvxcVzP82R/; https://www.instagram.com/p/CqXCU6BshbP/; https://www.instagram.com/p/CqXCO1isdgx/,ok
ameecleaning.com,7855650000; (785) 565 0000; (785) 565-0000,,ok
cindywalker.com,4798571041; 4799672983; 4799676969,http://www.facebook.com/people/Cindy-Baker-Walker/616985612,ok
fivestarpoollinerswilliamstown.com,,,ok
sustainableracine.org,,,failed
clearmirrorhealing.wordpress.com,,http://www.facebook.com/ClearMirrorHealing; https://www.facebook.com/ClearMirrorHealing,ok
d-l-roofing-and-construction-llc.business.site,,,failed
lealvideoproductions.com,5104681847,https://www.instagram.com/danroleal/?hl=en; https://www.linkedin.com/in/dan-leal-075993230/,ok
rubpage.com,,,ok
sagacitystays.com,,,failed
valezio.com,,,failed
